Timestamp,Source IP,Flow Duration,Total Fwd Packets,Total Backward Packets,Fwd Packet Length Max,Fwd Packet Length Min,Fwd Packet Length Mean,Bwd Packet Length Max,Flow Bytes/s,Flow Packets/s,SYN Flag Count,FIN Flag Count,RST Flag Count,Protocol,Destination Port,http_request_uri,dns_qname,Label
2026-04-16 10:53:29,127.0.0.1,0.001756,1,0,64,0,0.0,0,0.000000,569.411229,1,1,0,6,443,https://push.services.mozilla.com:443/,push.services.mozilla.com,BENIGN
2026-04-16 10:53:30,127.0.0.1,0.215763,4,10,1500,100,610.75,1500,36985.059517,64.886069,1,1,0,6,443,https://dns.google:443/,dns.google,BENIGN
2026-04-16 10:53:31,127.0.0.1,0.171580,3,0,1500,100,633.3333333333334,0,11073.577512,17.484596,1,1,0,6,443,https://www.youtube.com:443/,www.youtube.com,BENIGN
2026-04-16 10:53:31,127.0.0.1,0.982515,3,0,1500,100,636.3333333333334,0,1942.973870,3.053390,1,1,0,6,443,https://www.googleadservices.com:443/,www.googleadservices.com,BENIGN
2026-04-16 10:53:32,127.0.0.1,1.247907,3,0,1500,100,633.3333333333334,0,1522.548991,2.404025,1,1,0,6,443,https://play.google.com:443/,play.google.com,BENIGN
2026-04-16 10:53:32,127.0.0.1,0.347124,3,0,1500,100,633.3333333333334,0,5473.549934,8.642447,1,1,0,6,443,https://www.youtube.com:443/,www.youtube.com,BENIGN
2026-04-16 10:53:33,127.0.0.1,0.230071,4,15,1500,100,628.25,1500,44655.702534,82.583059,1,1,0,6,443,https://yastatic.net:443/,yastatic.net,BENIGN
2026-04-16 10:53:33,127.0.0.1,0.234915,4,16,1500,100,628.25,1500,46455.179881,85.137322,1,1,0,6,443,https://yastatic.net:443/,yastatic.net,BENIGN
2026-04-16 10:53:33,127.0.0.1,0.242764,4,15,1500,100,628.5,1500,42502.218207,78.265376,1,1,0,6,443,https://yastatic.net:443/,yastatic.net,BENIGN
2026-04-16 10:53:33,127.0.0.1,0.306061,4,112,1500,100,618.75,1500,195458.023668,379.009908,1,1,0,6,443,https://yastatic.net:443/,yastatic.net,BENIGN
2026-04-16 10:53:33,127.0.0.1,0.307568,4,149,1500,100,628.5,1500,257530.042134,497.450970,1,1,0,6,443,https://yastatic.net:443/,yastatic.net,BENIGN
2026-04-16 10:53:34,127.0.0.1,0.183380,5,13,1500,100,513.0,1500,50937.859736,98.156672,1,1,0,6,443,https://avatars.mds.yandex.net:443/,avatars.mds.yandex.net,BENIGN
2026-04-16 10:53:34,127.0.0.1,0.238922,4,12,1500,100,639.0,1500,38087.664411,66.967322,1,1,0,6,443,https://avatars.mds.yandex.net:443/,avatars.mds.yandex.net,BENIGN
2026-04-16 10:53:34,127.0.0.1,0.235995,5,65,1500,100,514.2,1500,152774.423180,296.616454,1,1,0,6,443,https://avatars.mds.yandex.net:443/,avatars.mds.yandex.net,BENIGN
2026-04-16 10:53:34,127.0.0.1,0.148872,5,8,1500,100,582.4,1500,49807.855197,87.323280,1,1,0,6,443,https://mozilla-ohttp.fastly-edge.com:443/,mozilla-ohttp.fastly-edge.com,BENIGN
2026-04-16 10:53:34,127.0.0.1,0.166345,5,7,1500,100,574.8,1500,39201.612071,72.139142,1,1,0,6,443,https://mc.yandex.ru:443/,mc.yandex.ru,BENIGN
2026-04-16 10:53:40,127.0.0.1,1.291787,3,0,1500,100,633.3333333333334,0,1470.830604,2.322364,1,1,0,6,443,https://www.youtube.com:443/,www.youtube.com,BENIGN
2026-04-16 10:53:40,127.0.0.1,1.357926,3,0,1500,100,633.3333333333334,0,1399.192180,2.209251,1,1,0,6,443,https://play.google.com:443/,play.google.com,BENIGN
2026-04-16 10:53:40,127.0.0.1,2.497061,3,0,1500,100,636.3333333333334,0,764.498806,1.201412,1,1,0,6,443,https://www.googleadservices.com:443/,www.googleadservices.com,BENIGN
2026-04-16 10:53:42,127.0.0.1,0.192172,5,14,1500,100,526.4,1500,51256.219697,98.869865,1,1,0,6,443,https://graphql.kinopoisk.ru:443/,graphql.kinopoisk.ru,BENIGN
2026-04-16 10:53:42,127.0.0.1,0.195955,5,14,1500,100,524.6,1500,50220.611427,96.960839,1,1,0,6,443,https://graphql.kinopoisk.ru:443/,graphql.kinopoisk.ru,BENIGN
2026-04-16 10:53:42,127.0.0.1,0.196704,5,14,1500,100,523.8,1500,50024.453010,96.591932,1,1,0,6,443,https://graphql.kinopoisk.ru:443/,graphql.kinopoisk.ru,BENIGN
2026-04-16 10:53:42,127.0.0.1,0.202034,5,14,1500,100,524.6,1500,48719.474227,94.043484,1,1,0,6,443,https://graphql.kinopoisk.ru:443/,graphql.kinopoisk.ru,BENIGN
2026-04-16 10:53:43,127.0.0.1,0.246558,5,14,1500,100,524.6,1500,39913.610414,77.061132,1,1,0,6,443,https://graphql.kinopoisk.ru:443/,graphql.kinopoisk.ru,BENIGN
2026-04-16 10:53:43,127.0.0.1,0.005339,3,0,1500,100,632.3333333333334,0,355316.637625,561.913502,1,1,0,6,443,https://sp.yandex.ru:443/,sp.yandex.ru,BENIGN
2026-04-16 10:53:43,127.0.0.1,0.002777,1,0,64,0,0.0,0,0.000000,360.048966,1,1,0,6,443,https://mc.yandex.md:443/,mc.yandex.md,BENIGN
2026-04-16 10:53:43,127.0.0.1,0.007581,3,0,1500,100,637.0,0,252084.212380,395.736597,1,1,0,6,443,https://api.events.plus.yandex.net:443/,api.events.plus.yandex.net,BENIGN
2026-04-16 10:53:43,127.0.0.1,0.008066,3,0,1500,100,637.0,0,236929.219008,371.945399,1,1,0,6,443,https://browser-updater.yandex.net:443/,browser-updater.yandex.net,BENIGN
2026-04-16 10:53:43,127.0.0.1,0.308289,3,0,1500,100,679.0,431,8005.477979,9.731132,1,1,0,6,443,https://mc.yandex.ru:443/,mc.yandex.ru,BENIGN
2026-04-16 10:53:43,127.0.0.1,0.009811,3,0,1500,100,641.3333333333334,0,196116.405752,305.794811,1,1,0,6,443,https://5l2daav2jjp3ghjdpbm35fmuu4.mc.yandex.ru:443/,5l2daav2jjp3ghjdpbm35fmuu4.mc.yandex.ru,BENIGN
2026-04-16 10:53:49,127.0.0.1,0.278920,7,128,1500,100,524.7142857142857,1500,249702.692200,484.010272,1,1,0,6,443,https://www.gstatic.com:443/,www.gstatic.com,BENIGN
2026-04-16 10:53:50,127.0.0.1,0.207932,3,0,1500,100,633.3333333333334,0,9137.585099,14.427766,1,1,0,6,443,https://play.google.com:443/,play.google.com,BENIGN
2026-04-16 10:53:50,127.0.0.1,1.285891,3,0,1500,100,636.3333333333334,0,1484.573731,2.333013,1,1,0,6,443,https://www.googleadservices.com:443/,www.googleadservices.com,BENIGN
2026-04-16 10:53:51,127.0.0.1,0.297756,4,10,1500,100,636.25,1500,26427.652413,47.018317,1,1,0,6,443,https://assets.genius.com:443/,assets.genius.com,BENIGN
2026-04-16 10:53:51,127.0.0.1,0.300413,4,8,1500,100,635.0,1500,22835.252970,39.945049,1,1,0,6,443,https://assets.genius.com:443/,assets.genius.com,BENIGN
2026-04-16 10:53:51,127.0.0.1,0.390259,4,99,1500,100,636.5,1500,137121.652196,263.927086,1,1,0,6,443,https://assets.genius.com:443/,assets.genius.com,BENIGN
2026-04-16 10:53:51,127.0.0.1,0.428723,4,39,1500,100,635.5,1500,52723.995343,100.297815,1,1,0,6,443,https://assets.genius.com:443/,assets.genius.com,BENIGN
2026-04-16 10:53:51,127.0.0.1,0.583322,4,394,1500,100,635.25,1500,350969.104539,682.298970,1,1,0,6,443,https://assets.genius.com:443/,assets.genius.com,BENIGN
2026-04-16 10:53:52,127.0.0.1,0.312368,5,10,1500,100,531.8,1500,25053.750635,48.020222,1,1,0,6,443,https://ads.assemblyexchange.com:443/,ads.assemblyexchange.com,BENIGN
2026-04-16 10:53:52,127.0.0.1,1.419935,3,0,1500,100,638.3333333333334,0,1348.653568,2.112773,1,1,0,6,443,https://securepubads.g.doubleclick.net:443/,securepubads.g.doubleclick.net,BENIGN
2026-04-16 10:53:52,127.0.0.1,0.000331,1,0,64,0,0.0,0,0.000000,3017.501454,1,1,0,6,443,https://js-cdn.music.apple.com:443/,js-cdn.music.apple.com,BENIGN
2026-04-16 10:53:58,127.0.0.1,24.870216,30,3420,1500,100,524.9,1500,71053.825990,138.720146,1,1,0,6,443,https://yastatic.net:443/,yastatic.net,BENIGN
2026-04-16 10:53:58,127.0.0.1,25.261685,10,864,1500,100,519.7,1500,17726.173267,34.597851,1,1,0,6,443,https://yastatic.net:443/,yastatic.net,BENIGN
2026-04-16 10:53:59,127.0.0.1,19.028468,3,0,1500,100,633.3333333333334,0,99.850394,0.157659,1,1,0,6,443,https://play.google.com:443/,play.google.com,BENIGN
2026-04-16 10:54:00,127.0.0.1,8.911415,5,10,1500,100,527.0,1500,914.781761,1.683234,1,1,0,6,443,https://ads.assemblyexchange.com:443/,ads.assemblyexchange.com,BENIGN
2026-04-16 10:54:00,127.0.0.1,26.992544,5,125,1500,100,601.4,1500,2498.689990,4.816145,1,1,0,6,443,https://static-mon.yandex.net:443/,static-mon.yandex.net,BENIGN
2026-04-16 10:54:00,127.0.0.1,18.830290,4,15,1500,100,613.75,1500,540.936972,1.009013,1,1,0,6,443,https://widgets.kinopoisk.ru:443/,widgets.kinopoisk.ru,BENIGN
2026-04-16 10:54:00,127.0.0.1,18.082783,4,131,1500,100,616.25,1500,3861.684280,7.465665,1,1,0,6,443,https://payment-widget.plus.kinopoisk.ru:443/,payment-widget.plus.kinopoisk.ru,BENIGN
2026-04-16 10:54:00,127.0.0.1,9.573370,6,10,1500,100,547.0,1500,927.364126,1.671303,1,1,0,6,443,https://i.clean.gg:443/,i.clean.gg,BENIGN
2026-04-16 10:54:00,127.0.0.1,17.900750,9,22,1500,100,530.6666666666666,1500,921.749089,1.731771,1,1,0,6,443,https://api.acquisition-gwe.plus.kinopoisk.ru:443/,api.acquisition-gwe.plus.kinopoisk.ru,BENIGN
2026-04-16 10:54:00,127.0.0.1,29.293250,6,15,1500,100,544.5,1500,386.061634,0.716889,1,1,0,6,443,https://passport.ya.ru:443/,passport.ya.ru,BENIGN
2026-04-16 10:54:00,127.0.0.1,17.923039,9,19,1500,100,518.8888888888889,1500,826.199164,1.562235,1,1,0,6,443,https://api.acquisition-gwe.plus.kinopoisk.ru:443/,api.acquisition-gwe.plus.kinopoisk.ru,BENIGN
2026-04-16 10:54:00,127.0.0.1,10.055672,5,615,1500,100,516.8,1500,31593.314332,61.656746,1,1,0,6,443,https://www.googletagmanager.com:443/,www.googletagmanager.com,BENIGN
2026-04-16 10:54:00,127.0.0.1,30.289867,21,25,1500,100,513.6190476190476,1500,787.326014,1.518660,1,1,0,6,443,https://ogads-pa.clients6.google.com:443/,ogads-pa.clients6.google.com,BENIGN
2026-04-16 10:54:00,127.0.0.1,26.822967,4,62,1500,100,606.5,1500,1278.382067,2.460578,1,1,0,6,443,https://mc.yandex.ru:443/,mc.yandex.ru,BENIGN
2026-04-16 10:54:00,127.0.0.1,10.638564,17,165,1500,100,516.7058823529412,1500,8796.017959,17.107572,1,1,0,6,443,https://genius.com:443/,genius.com,BENIGN
2026-04-16 10:54:00,127.0.0.1,27.064160,8,13,1500,100,558.125,1500,414.976847,0.775934,1,1,0,6,443,https://yabs.yandex.ru:443/,yabs.yandex.ru,BENIGN
2026-04-16 10:54:00,127.0.0.1,9.383099,5,9,1500,100,528.8,1500,823.928240,1.492044,1,1,0,6,443,https://www.google.ru:443/,www.google.ru,BENIGN
2026-04-16 10:54:00,127.0.0.1,31.022998,14,28,1500,100,540.8571428571429,1500,706.765996,1.353834,1,1,0,6,443,https://lh3.google.com:443/,lh3.google.com,BENIGN
2026-04-16 10:54:00,127.0.0.1,30.675199,4,10,1500,100,604.75,1500,259.395219,0.456395,1,1,0,6,443,https://dns.google:443/,dns.google,BENIGN
2026-04-16 10:54:00,127.0.0.1,28.633475,16,27,1500,100,524.125,1500,789.705051,1.501739,1,1,0,6,443,https://sso.passport.yandex.ru:443/,sso.passport.yandex.ru,BENIGN
2026-04-16 10:54:00,127.0.0.1,22.829749,4,18,1500,100,627.0,1500,535.573134,0.963655,1,1,0,6,443,https://www.gstatic.com:443/,www.gstatic.com,BENIGN
2026-04-16 10:54:00,127.0.0.1,17.858515,17,21,1500,100,533.8823529411765,1500,1117.954090,2.127836,1,1,0,6,443,https://an.yandex.ru:443/,an.yandex.ru,BENIGN
2026-04-16 10:54:00,127.0.0.1,30.606646,5,20,1500,100,525.6,1500,433.467947,0.816816,1,1,0,6,443,https://ogads-pa.clients6.google.com:443/,ogads-pa.clients6.google.com,BENIGN
2026-04-16 10:54:00,127.0.0.1,31.009515,18,10,1500,100,515.3333333333334,1500,476.821387,0.902949,1,1,0,6,443,https://incoming.telemetry.mozilla.org:443/,incoming.telemetry.mozilla.org,BENIGN
2026-04-16 10:54:00,127.0.0.1,8.954456,5,203,1500,100,540.6,1500,11912.169496,23.228658,1,1,0,6,443,https://t2.genius.com:443/,t2.genius.com,BENIGN
2026-04-16 10:54:00,127.0.0.1,33.656751,7,130,1500,100,565.4285714285714,1500,2100.945526,4.070506,1,1,0,6,443,https://www.google.com:443/,www.google.com,BENIGN
2026-04-16 10:54:00,127.0.0.1,18.125686,4,12,1500,100,615.25,1500,495.484695,0.882725,1,1,0,6,443,https://api.passport.yandex.ru:443/,api.passport.yandex.ru,BENIGN
2026-04-16 10:54:00,127.0.0.1,8.428250,4,8,1500,100,632.5,1500,798.860945,1.423783,1,1,0,6,443,https://librato-collector.genius.com:443/,librato-collector.genius.com,BENIGN
2026-04-16 10:54:00,127.0.0.1,18.161172,5,12,1500,100,536.4,1500,501.454430,0.936063,1,1,0,6,443,https://api.acquisition-gwe.plus.kinopoisk.ru:443/,api.acquisition-gwe.plus.kinopoisk.ru,BENIGN
2026-04-16 10:54:00,127.0.0.1,18.161533,5,12,1500,100,536.4,1500,501.169141,0.936044,1,1,0,6,443,https://api.acquisition-gwe.plus.kinopoisk.ru:443/,api.acquisition-gwe.plus.kinopoisk.ru,BENIGN
2026-04-16 10:54:00,127.0.0.1,31.385684,502,2832,1500,100,512.2908366533865,1500,54400.758695,106.226777,1,1,0,6,443,https://www.google.com:443/,www.google.com,BENIGN
2026-04-16 10:54:00,127.0.0.1,9.088210,6,8,1500,100,528.6666666666666,1500,839.989347,1.540457,1,1,0,6,443,https://sessions.bugsnag.com:443/,sessions.bugsnag.com,BENIGN
2026-04-16 10:54:00,127.0.0.1,9.770366,3,0,1500,100,633.3333333333334,0,194.465585,0.307051,1,1,0,6,443,https://play.google.com:443/,play.google.com,BENIGN
2026-04-16 10:54:00,127.0.0.1,28.188158,11,16,1500,100,545.0909090909091,1500,519.047741,0.957849,1,1,0,6,443,https://sso.ya.ru:443/,sso.ya.ru,BENIGN
2026-04-16 10:54:00,127.0.0.1,10.064829,4,184,1500,100,604.5,1500,9625.697661,18.678907,1,1,0,6,443,https://d3l739e8r8y9v7.cloudfront.net:443/,d3l739e8r8y9v7.cloudfront.net,BENIGN
2026-04-16 10:54:00,127.0.0.1,30.730501,10,26,1500,100,528.8,1500,606.303160,1.171475,1,1,0,6,443,https://lh3.googleusercontent.com:443/,lh3.googleusercontent.com,BENIGN
2026-04-16 10:54:00,127.0.0.1,18.215744,4,68,1500,100,627.0,1500,2073.810458,3.952625,1,1,0,6,443,https://static-mon.yandex.net:443/,static-mon.yandex.net,BENIGN
2026-04-16 10:54:00,127.0.0.1,11.373009,6,435,1500,100,591.6666666666666,1500,19935.181271,38.776017,1,1,0,6,443,https://www.gstatic.com:443/,www.gstatic.com,BENIGN
2026-04-16 10:54:00,127.0.0.1,20.654553,7,144,1500,100,514.4285714285714,1500,3759.025952,7.310737,1,1,0,6,443,https://www.kinopoisk.ru:443/,www.kinopoisk.ru,BENIGN
2026-04-16 10:54:00,127.0.0.1,10.064896,22,1184,1500,100,521.7272727272727,1500,61400.335767,119.822399,1,1,0,6,443,https://assets.genius.com:443/,assets.genius.com,BENIGN
2026-04-16 10:54:00,127.0.0.1,29.607157,57,367,1500,100,516.0877192982456,1500,7353.998875,14.320862,1,1,0,6,443,https://ya.ru:443/,ya.ru,BENIGN
2026-04-16 10:54:00,127.0.0.1,27.070711,10,677,1500,100,514.2,1500,12994.634777,25.377982,1,1,0,6,443,https://avatars.mds.yandex.net:443/,avatars.mds.yandex.net,BENIGN
2026-04-16 10:54:00,127.0.0.1,26.514174,118,242,1500,100,512.5762711864406,1500,6971.478648,13.577643,1,1,0,6,443,https://mc.yandex.ru:443/,mc.yandex.ru,BENIGN
2026-04-16 10:54:00,127.0.0.1,8.499467,6,11,1500,100,512.5,1500,1042.653665,2.000126,1,1,0,6,443,https://www.google-analytics.com:443/,www.google-analytics.com,BENIGN
2026-04-16 10:54:00,127.0.0.1,17.871434,7,11,1500,100,541.1428571428571,1500,549.200467,1.007194,1,1,0,6,443,https://api.plus.kinopoisk.ru:443/,api.plus.kinopoisk.ru,BENIGN
2026-04-16 10:54:00,127.0.0.1,8.783798,3,0,1500,100,636.0,0,217.218103,0.341538,1,1,0,6,443,https://stats.g.doubleclick.net:443/,stats.g.doubleclick.net,BENIGN
2026-04-16 10:54:00,127.0.0.1,18.131883,5,12,1500,100,515.4,1500,505.738988,0.937575,1,1,0,6,443,https://api.plus.kinopoisk.ru:443/,api.plus.kinopoisk.ru,BENIGN
2026-04-16 10:54:00,127.0.0.1,19.050012,4,218,1500,100,599.75,1500,6011.807205,11.653536,1,1,0,6,443,https://yandex.ru:443/,yandex.ru,BENIGN
2026-04-16 10:54:00,127.0.0.1,26.468261,101,69,1500,100,514.5940594059406,1500,3311.362226,6.422787,1,1,0,6,443,https://yandex.ru:443/,yandex.ru,BENIGN
2026-04-16 10:54:00,127.0.0.1,17.873404,9,12,1500,100,565.2222222222222,1500,630.210105,1.174930,1,1,0,6,443,https://graphql.kinopoisk.ru:443/,graphql.kinopoisk.ru,BENIGN
2026-04-16 10:54:00,127.0.0.1,8.063989,7,8,1500,100,547.5714285714286,1500,996.777203,1.860122,1,1,0,6,443,https://librato-collector.genius.com:443/,librato-collector.genius.com,BENIGN
2026-04-16 10:54:00,127.0.0.1,26.403349,8,13,1500,100,524.0,1500,412.750666,0.795354,1,1,0,6,443,https://mozilla-ohttp.fastly-edge.com:443/,mozilla-ohttp.fastly-edge.com,BENIGN
2026-04-16 10:54:00,127.0.0.1,21.806491,2,8,1500,100,756.0,1500,257.583848,0.458579,1,1,0,6,443,https://push.services.mozilla.com:443/,push.services.mozilla.com,BENIGN
2026-04-16 10:54:00,127.0.0.1,32.079455,4,7,1500,100,524.25,1500,181.455701,0.342899,1,1,0,6,443,https://push.services.mozilla.com:443/,push.services.mozilla.com,BENIGN
2026-04-16 10:54:00,127.0.0.1,8.770324,6,15,1500,100,512.3333333333334,1500,1227.776734,2.394438,1,1,0,6,443,https://analytics.google.com:443/,analytics.google.com,BENIGN
2026-04-16 10:54:00,127.0.0.1,20.000634,9,16,1500,100,559.6666666666666,1500,678.278488,1.249960,1,1,0,6,443,https://sso.kinopoisk.ru:443/,sso.kinopoisk.ru,BENIGN
2026-04-16 10:54:00,127.0.0.1,18.122779,25,27,1500,100,524.84,1500,1494.086564,2.869317,1,1,0,6,443,https://graphql.kinopoisk.ru:443/,graphql.kinopoisk.ru,BENIGN
2026-04-16 10:54:00,127.0.0.1,30.652664,8,14,1500,100,570.0,1500,392.885922,0.717719,1,1,0,6,443,https://csp.withgoogle.com:443/,csp.withgoogle.com,BENIGN
2026-04-16 10:54:00,127.0.0.1,15.694090,3,0,1500,100,633.3333333333334,0,121.064683,0.191155,1,1,0,6,443,https://play.google.com:443/,play.google.com,BENIGN
2026-04-16 10:54:00,127.0.0.1,30.408148,8,249,1500,100,555.125,1500,4350.281379,8.451682,1,1,0,6,443,https://encrypted-tbn0.gstatic.com:443/,encrypted-tbn0.gstatic.com,BENIGN
2026-05-01 12:54:16,127.0.0.1,0.143570,3,0,1500,100,633.3333333333334,0,13233.934875,20.895687,1,1,0,6,443,https://play.google.com:443/,play.google.com,BENIGN
2026-05-01 12:54:16,127.0.0.1,0.113557,3,0,1500,100,633.3333333333334,0,16731.670678,26.418427,1,1,0,6,443,https://play.google.com:443/,play.google.com,BENIGN
2026-05-01 12:54:16,127.0.0.1,0.042766,3,0,1500,100,633.3333333333334,0,44427.816491,70.149184,1,1,0,6,443,https://www.youtube.com:443/,www.youtube.com,BENIGN
2026-05-01 12:54:16,127.0.0.1,1.230577,3,0,1500,100,636.3333333333334,0,1551.304542,2.437880,1,1,0,6,443,https://www.googleadservices.com:443/,www.googleadservices.com,BENIGN
2026-05-01 12:54:16,127.0.0.1,0.053108,4,126,1500,100,625.0,1500,1268928.480829,2447.851350,1,1,0,6,443,https://l-stat.livejournal.net:443/,l-stat.livejournal.net,BENIGN
2026-05-01 12:54:16,127.0.0.1,0.058493,5,147,1500,100,607.2,1500,1346671.658262,2598.597099,1,1,0,6,443,https://l-stat.livejournal.net:443/,l-stat.livejournal.net,BENIGN
2026-05-01 12:54:16,127.0.0.1,0.062179,5,231,1500,100,607.4,1500,1953653.460682,3795.469239,1,1,0,6,443,https://l-stat.livejournal.net:443/,l-stat.livejournal.net,BENIGN
2026-05-01 12:54:16,127.0.0.1,0.073560,4,688,1500,100,632.5,1500,4827507.452038,9407.324933,1,1,0,6,443,https://l-stat.livejournal.net:443/,l-stat.livejournal.net,BENIGN
2026-05-01 12:54:16,127.0.0.1,0.082899,5,1543,1500,100,578.0,1500,9570165.766727,18673.235270,1,1,0,6,443,https://l-stat.livejournal.net:443/,l-stat.livejournal.net,BENIGN
2026-05-01 12:54:17,127.0.0.1,0.062379,6,28,1500,100,552.0,1500,287677.864877,545.056974,1,1,0,6,443,https://ssp01.rambler.ru:443/,ssp01.rambler.ru,BENIGN
2026-05-01 12:54:17,127.0.0.1,0.021449,7,12,1500,100,536.5714285714286,1500,462214.845693,885.826313,1,1,0,6,443,https://kraken.rambler.ru:443/,kraken.rambler.ru,BENIGN
2026-05-01 12:54:17,127.0.0.1,0.025574,7,12,1500,100,539.0,1500,388242.838473,742.936240,1,1,0,6,443,https://cs.rambler.ru:443/,cs.rambler.ru,BENIGN
2026-05-01 12:54:17,127.0.0.1,0.025436,7,12,1500,100,545.2857142857143,1500,392079.005546,746.966921,1,1,0,6,443,https://cs.rambler.ru:443/,cs.rambler.ru,BENIGN
2026-05-01 12:54:17,127.0.0.1,0.028877,7,12,1500,100,544.5714285714286,1500,345190.602804,657.967642,1,1,0,6,443,https://cs.rambler.ru:443/,cs.rambler.ru,BENIGN
2026-05-01 12:54:17,127.0.0.1,0.027191,7,12,1500,100,541.5714285714286,1500,365815.536934,698.752911,1,1,0,6,443,https://cs.rambler.ru:443/,cs.rambler.ru,BENIGN
2026-05-01 12:54:17,127.0.0.1,0.027137,7,12,1500,100,560.4285714285714,1500,371406.251147,700.140765,1,1,0,6,443,https://cs.rambler.ru:443/,cs.rambler.ru,BENIGN
2026-05-01 12:54:17,127.0.0.1,0.026906,4,19,1500,100,627.25,1500,466335.879110,854.843805,1,1,0,6,443,https://yastatic.net:443/,yastatic.net,BENIGN
2026-05-01 12:54:17,127.0.0.1,0.027532,4,29,1500,100,622.0,1500,636652.561530,1198.627027,1,1,0,6,443,https://yastatic.net:443/,yastatic.net,BENIGN
2026-05-01 12:54:17,127.0.0.1,0.029087,4,75,1500,100,625.25,1500,1416892.140358,2715.999298,1,1,0,6,443,https://yastatic.net:443/,yastatic.net,BENIGN
2026-05-01 12:54:17,127.0.0.1,0.037002,4,271,1500,100,625.25,1500,3830148.342039,7432.090953,1,1,0,6,443,https://yastatic.net:443/,yastatic.net,BENIGN
2026-05-01 12:54:17,127.0.0.1,0.040327,4,62,1500,100,638.75,1500,862257.511925,1636.632802,1,1,0,6,443,https://yastatic.net:443/,yastatic.net,BENIGN
2026-05-01 12:54:17,127.0.0.1,0.025443,5,16,1500,100,512.4,1500,438429.279085,825.371122,1,1,0,6,443,https://l-files.livejournal.net:443/,l-files.livejournal.net,BENIGN
2026-05-01 12:54:18,127.0.0.1,0.032132,5,13,1500,100,515.2,1500,301191.320947,560.182246,1,1,0,6,443,https://avatars.mds.yandex.net:443/,avatars.mds.yandex.net,BENIGN
2026-05-01 12:54:18,127.0.0.1,0.000155,1,0,64,0,0.0,0,0.000000,6464.123534,1,1,0,6,443,https://profile.ad-tech.ru:443/,profile.ad-tech.ru,BENIGN
2026-05-01 12:54:27,127.0.0.1,10.572101,5,95,1500,100,514.4,1500,4876.987035,9.458858,1,1,0,6,443,https://st.top100.ru:443/,st.top100.ru,BENIGN
2026-05-01 12:54:32,127.0.0.1,15.019039,5,154,1500,100,529.6,1500,5452.678987,10.586563,1,1,0,6,443,https://yastatic.net:443/,yastatic.net,BENIGN
2026-05-01 12:54:37,127.0.0.1,21.389195,3,0,1500,100,633.3333333333334,0,88.829898,0.140258,1,1,0,6,443,https://play.google.com:443/,play.google.com,BENIGN
2026-05-01 12:54:37,127.0.0.1,21.061270,1,0,64,0,0.0,0,0.000000,0.047481,1,0,1,6,443,https://telegram.org:443/,telegram.org,BENIGN
2026-05-01 12:54:39,127.0.0.1,21.406009,3,0,1500,100,636.3333333333334,0,89.180566,0.140148,1,1,0,6,443,https://www.googleadservices.com:443/,www.googleadservices.com,BENIGN
2026-05-01 12:54:40,127.0.0.1,21.402131,3,0,1500,100,633.3333333333334,0,88.776209,0.140173,1,1,0,6,443,https://play.google.com:443/,play.google.com,BENIGN
2026-05-01 12:54:40,127.0.0.1,21.389885,3,0,1500,100,633.3333333333334,0,88.827034,0.140253,1,1,0,6,443,https://play.google.com:443/,play.google.com,BENIGN
2026-05-01 12:54:40,127.0.0.1,21.407383,3,0,1500,100,633.3333333333334,0,88.754426,0.140139,1,1,0,6,443,https://www.youtube.com:443/,www.youtube.com,BENIGN
2026-05-01 12:54:52,127.0.0.1,11.583560,1,0,667,100,667.0,0,57.581608,0.086329,1,1,0,6,443,https://www.youtube.com:443/,www.youtube.com,BENIGN
2026-05-01 12:54:52,127.0.0.1,11.615105,1,0,667,100,667.0,0,57.425222,0.086095,1,1,0,6,443,https://play.google.com:443/,play.google.com,BENIGN
2026-05-01 12:54:52,127.0.0.1,11.811468,1,0,667,100,667.0,0,56.470544,0.084663,1,1,0,6,443,https://play.google.com:443/,play.google.com,BENIGN
2026-05-01 12:54:52,127.0.0.1,12.628649,1,0,676,100,676.0,0,53.529081,0.079185,1,1,0,6,443,https://www.googleadservices.com:443/,www.googleadservices.com,BENIGN
2026-05-01 12:54:57,127.0.0.1,19.210363,1,0,667,100,667.0,0,34.720843,0.052055,1,1,0,6,443,https://play.google.com:443/,play.google.com,BENIGN
2026-05-01 12:55:06,127.0.0.1,12.049152,3,0,1500,100,633.3333333333334,0,157.687448,0.248980,1,1,0,6,443,https://play.google.com:443/,play.google.com,BENIGN
2026-05-01 12:55:06,127.0.0.1,13.201994,3,0,1500,100,636.3333333333334,0,144.599367,0.227238,1,1,0,6,443,https://www.googleadservices.com:443/,www.googleadservices.com,BENIGN
2026-05-01 12:55:07,127.0.0.1,50.031931,6,10,1500,100,538.1666666666666,1500,173.409258,0.319796,1,1,0,6,443,https://api.livejournal.com:443/,api.livejournal.com,BENIGN
2026-05-01 12:55:07,127.0.0.1,50.193907,6,11,1500,100,525.8333333333334,1500,184.046243,0.338687,1,1,0,6,443,https://notif.services.livejournal.com:443/,notif.services.livejournal.com,BENIGN
2026-05-01 12:55:07,127.0.0.1,50.616730,5,11,1500,100,544.0,1500,165.854253,0.316101,1,1,0,6,443,https://xc3.services.livejournal.com:443/,xc3.services.livejournal.com,BENIGN
2026-05-01 12:55:07,127.0.0.1,50.857313,5,459,1500,100,512.8,1500,4676.967490,9.123565,1,1,0,6,443,https://chudoslov.livejournal.com:443/,chudoslov.livejournal.com,BENIGN
2026-05-01 12:55:08,127.0.0.1,51.534358,17,32,1500,100,517.8823529411765,1500,494.252783,0.950822,1,1,0,6,443,https://www.livejournal.com:443/,www.livejournal.com,BENIGN
2026-05-01 12:55:08,127.0.0.1,50.884291,13,16,1500,100,527.8461538461538,1500,300.151576,0.569920,1,1,0,6,443,https://www.livejournal.com:443/,www.livejournal.com,BENIGN
2026-05-01 12:55:08,127.0.0.1,51.068706,6,10,1500,100,538.1666666666666,1500,169.888778,0.313303,1,1,0,6,443,https://api.livejournal.com:443/,api.livejournal.com,BENIGN
2026-05-01 12:55:11,127.0.0.1,18.991383,3,0,1500,100,633.3333333333334,0,100.045371,0.157966,1,1,0,6,443,https://play.google.com:443/,play.google.com,BENIGN
2026-05-01 12:55:13,127.0.0.1,0.069666,5,14,1500,100,518.6,1500,145392.901028,272.728317,1,1,0,6,443,https://encrypted-tbn1.gstatic.com:443/,encrypted-tbn1.gstatic.com,BENIGN
2026-05-01 12:55:17,127.0.0.1,60.047196,5,17,1500,100,537.6,1500,190.883183,0.366378,1,1,0,6,443,https://l-api.livejournal.com:443/,l-api.livejournal.com,BENIGN
2026-05-01 12:55:17,127.0.0.1,60.695694,6,310,1500,100,520.6666666666666,1500,2674.604868,5.206300,1,1,0,6,443,https://l-userpic.livejournal.com:443/,l-userpic.livejournal.com,BENIGN
2026-05-01 12:55:17,127.0.0.1,61.411525,10,1131,1500,100,516.6,1500,9518.685559,18.579574,1,1,0,6,443,https://l-stat.livejournal.net:443/,l-stat.livejournal.net,BENIGN
2026-05-01 12:55:17,127.0.0.1,60.029986,4,11,1500,100,634.5,1500,141.129468,0.249875,1,1,0,6,443,https://l-files.livejournal.net:443/,l-files.livejournal.net,BENIGN
2026-05-01 12:55:22,127.0.0.1,65.797855,4,66,1500,100,639.0,1500,559.790286,1.063864,1,1,0,6,443,https://static-mon.yandex.net:443/,static-mon.yandex.net,BENIGN
2026-05-01 12:55:23,127.0.0.1,16.225676,3,0,1500,100,633.3333333333334,0,117.098356,0.184892,1,1,0,6,443,https://play.google.com:443/,play.google.com,BENIGN
2026-05-01 12:55:23,127.0.0.1,12.115257,3,0,1500,100,633.3333333333334,0,156.827046,0.247622,1,1,0,6,443,https://play.google.com:443/,play.google.com,BENIGN
2026-05-01 12:55:23,127.0.0.1,9.910221,3,0,1500,100,633.3333333333334,0,191.721252,0.302718,1,1,0,6,443,https://play.google.com:443/,play.google.com,BENIGN
2026-05-01 12:55:23,127.0.0.1,10.055678,3,0,1500,100,633.3333333333334,0,188.947970,0.298339,1,1,0,6,443,https://play.google.com:443/,play.google.com,BENIGN
2026-05-01 12:55:23,127.0.0.1,10.081163,3,0,1500,100,633.3333333333334,0,188.470311,0.297585,1,1,0,6,443,https://play.google.com:443/,play.google.com,BENIGN
2026-05-01 12:55:23,127.0.0.1,17.375442,3,0,1500,100,636.3333333333334,0,109.867709,0.172657,1,1,0,6,443,https://www.googleadservices.com:443/,www.googleadservices.com,BENIGN
2026-05-01 12:55:25,127.0.0.1,18.997294,3,0,1500,100,633.3333333333334,0,100.014245,0.157917,1,1,0,6,443,https://play.google.com:443/,play.google.com,BENIGN
2026-05-01 12:55:30,127.0.0.1,19.013211,3,0,1500,100,633.3333333333334,0,99.930515,0.157785,1,1,0,6,443,https://play.google.com:443/,play.google.com,BENIGN
2026-05-01 12:55:31,127.0.0.1,75.069518,4,190,1500,100,615.5,1500,1330.473449,2.584271,1,1,0,6,443,https://ssp.rambler.ru:443/,ssp.rambler.ru,BENIGN
2026-05-01 12:55:32,127.0.0.1,75.030559,4,60,1500,100,606.75,1500,446.124889,0.852986,1,1,0,6,443,https://rb.infox.sg:443/,rb.infox.sg,BENIGN
2026-05-01 12:55:32,127.0.0.1,75.110439,5,12,1500,100,597.2,1500,124.283657,0.226333,1,1,0,6,443,https://ssp01.rambler.ru:443/,ssp01.rambler.ru,BENIGN
2026-05-01 12:55:32,127.0.0.1,75.034682,7,12,1500,100,580.4285714285714,1500,142.294199,0.253216,1,1,0,6,443,https://img01.rambler.ru:443/,img01.rambler.ru,BENIGN
2026-05-01 12:55:32,127.0.0.1,75.045076,7,12,1500,100,543.0,1500,134.039440,0.253181,1,1,0,6,443,https://cs.rambler.ru:443/,cs.rambler.ru,BENIGN
2026-05-01 12:55:43,127.0.0.1,19.002555,3,0,1500,100,633.3333333333334,0,99.986552,0.157874,1,1,0,6,443,https://play.google.com:443/,play.google.com,BENIGN
2026-05-01 12:55:43,127.0.0.1,18.979355,3,0,1500,100,636.3333333333334,0,100.582976,0.158066,1,1,0,6,443,https://www.googleadservices.com:443/,www.googleadservices.com,BENIGN
2026-05-01 12:55:44,127.0.0.1,19.177678,1,0,667,100,667.0,0,34.780019,0.052144,1,1,0,6,443,https://play.google.com:443/,play.google.com,BENIGN
2026-05-01 12:55:44,127.0.0.1,18.972732,3,0,1500,100,633.3333333333334,0,100.143720,0.158122,1,1,0,6,443,https://play.google.com:443/,play.google.com,BENIGN
2026-05-01 12:55:46,127.0.0.1,18.990826,3,0,1500,100,633.3333333333334,0,100.048306,0.157971,1,1,0,6,443,https://play.google.com:443/,play.google.com,BENIGN
2026-05-01 12:55:50,127.0.0.1,19.194930,1,0,667,100,667.0,0,34.748759,0.052097,1,1,0,6,443,https://play.google.com:443/,play.google.com,BENIGN
2026-05-01 12:55:51,127.0.0.1,6.418718,1,0,667,100,667.0,0,103.914836,0.155794,1,1,0,6,443,https://play.google.com:443/,play.google.com,BENIGN
2026-05-01 12:55:51,127.0.0.1,4.582063,1,0,667,100,667.0,0,145.567619,0.218242,1,1,0,6,443,https://play.google.com:443/,play.google.com,BENIGN
2026-05-01 12:55:51,127.0.0.1,7.537671,1,0,676,100,676.0,0,89.682875,0.132667,1,1,0,6,443,https://www.googleadservices.com:443/,www.googleadservices.com,BENIGN
2026-05-01 12:56:02,127.0.0.1,19.180025,1,0,667,100,667.0,0,34.775764,0.052138,1,1,0,6,443,https://play.google.com:443/,play.google.com,BENIGN
2026-05-01 12:56:10,127.0.0.1,18.980999,3,0,1500,100,633.3333333333334,0,100.100106,0.158053,1,1,0,6,443,https://play.google.com:443/,play.google.com,BENIGN
2026-05-01 12:56:10,127.0.0.1,18.989642,3,0,1500,100,636.3333333333334,0,100.528487,0.157981,1,1,0,6,443,https://www.googleadservices.com:443/,www.googleadservices.com,BENIGN
2026-05-01 12:56:10,127.0.0.1,19.010306,3,0,1500,100,633.3333333333334,0,99.945786,0.157809,1,1,0,6,443,https://www.youtube.com:443/,www.youtube.com,BENIGN
2026-05-01 12:56:11,127.0.0.1,19.004568,3,0,1500,100,633.3333333333334,0,99.975963,0.157857,1,1,0,6,443,https://play.google.com:443/,play.google.com,BENIGN
2026-05-01 12:56:12,127.0.0.1,115.552687,5,478,1500,100,523.8,1500,2140.625256,4.179911,1,1,0,6,443,https://avatars.dzeninfra.ru:443/,avatars.dzeninfra.ru,BENIGN
2026-05-01 12:56:12,127.0.0.1,115.116412,4,8,1500,100,628.75,1500,60.947000,0.104242,1,1,0,6,443,https://id.sber.ru:443/,id.sber.ru,BENIGN
2026-05-01 12:56:12,127.0.0.1,115.117179,5,80,1500,100,519.0,1500,382.245295,0.738378,1,1,0,6,443,https://id.sber.ru:443/,id.sber.ru,BENIGN
2026-05-01 12:56:12,127.0.0.1,115.452879,4,58,1500,100,626.5,1500,282.764712,0.537016,1,1,0,6,443,https://id.sber.ru:443/,id.sber.ru,BENIGN
2026-05-01 12:56:13,127.0.0.1,115.930119,6,13,1500,100,594.6666666666666,1500,90.407912,0.163892,1,1,0,6,443,https://ext.clickstream.sberbank.ru:443/,ext.clickstream.sberbank.ru,BENIGN
2026-05-01 12:56:13,127.0.0.1,115.930956,6,13,1500,100,554.0,1500,88.302558,0.163891,1,1,0,6,443,https://ext.clickstream.sberbank.ru:443/,ext.clickstream.sberbank.ru,BENIGN
2026-05-01 12:56:17,127.0.0.1,120.473960,5,50,1500,100,517.8,1500,237.926935,0.456530,1,1,0,6,443,https://assets.pinterest.com:443/,assets.pinterest.com,BENIGN
2026-05-01 12:56:19,127.0.0.1,121.779354,10,14,1500,100,530.6,1500,104.738608,0.197078,1,1,0,6,443,https://kraken.rambler.ru:443/,kraken.rambler.ru,BENIGN
2026-05-01 12:56:29,127.0.0.1,19.162336,1,0,667,100,667.0,0,34.807865,0.052186,1,1,0,6,443,https://play.google.com:443/,play.google.com,BENIGN
2026-05-01 12:56:29,127.0.0.1,19.182577,1,0,676,100,676.0,0,35.240311,0.052131,1,1,0,6,443,https://www.googleadservices.com:443/,www.googleadservices.com,BENIGN
2026-05-01 12:56:30,127.0.0.1,19.192254,1,0,667,100,667.0,0,34.753603,0.052104,1,1,0,6,443,https://www.youtube.com:443/,www.youtube.com,BENIGN
2026-05-01 12:56:31,127.0.0.1,19.173867,1,0,667,100,667.0,0,34.786932,0.052154,1,1,0,6,443,https://play.google.com:443/,play.google.com,BENIGN
2026-05-01 12:56:50,127.0.0.1,19.024330,3,0,1500,100,633.3333333333334,0,99.872113,0.157693,1,1,0,6,443,https://www.youtube.com:443/,www.youtube.com,BENIGN
2026-05-01 12:56:50,127.0.0.1,17.238306,3,0,1500,100,633.3333333333334,0,110.219646,0.174031,1,1,0,6,443,https://play.google.com:443/,play.google.com,BENIGN
2026-05-01 12:56:50,127.0.0.1,0.274389,1,0,667,100,667.0,0,2430.851921,3.644456,1,1,0,6,443,https://www.youtube.com:443/,www.youtube.com,BENIGN
2026-05-01 12:57:05,127.0.0.1,170.571864,5,20,1500,100,553.8,1500,79.057587,0.146566,1,1,0,6,443,https://ogads-pa.clients6.google.com:443/,ogads-pa.clients6.google.com,BENIGN
2026-05-01 12:57:08,127.0.0.1,171.483633,16,263,1500,100,524.0,1500,835.519972,1.626977,1,1,0,6,443,https://yandex.ru:443/,yandex.ru,BENIGN
2026-05-01 12:57:08,127.0.0.1,170.834743,5,205,1500,100,531.0,1500,630.720650,1.229258,1,1,0,6,443,https://avatars.mds.yandex.net:443/,avatars.mds.yandex.net,BENIGN
2026-05-01 12:57:08,127.0.0.1,171.162966,6,10,1500,100,514.0,1500,49.379841,0.093478,1,1,0,6,443,https://mozilla-ohttp.fastly-edge.com:443/,mozilla-ohttp.fastly-edge.com,BENIGN
2026-05-01 12:57:09,127.0.0.1,18.979130,3,0,1500,100,633.3333333333334,0,100.109961,0.158068,1,1,0,6,443,https://play.google.com:443/,play.google.com,BENIGN
2026-05-01 12:57:09,127.0.0.1,18.976567,3,0,1500,100,636.3333333333334,0,100.597752,0.158090,1,1,0,6,443,https://www.googleadservices.com:443/,www.googleadservices.com,BENIGN
2026-05-01 12:57:10,127.0.0.1,18.994140,3,0,1500,100,633.3333333333334,0,100.030849,0.157943,1,1,0,6,443,https://www.youtube.com:443/,www.youtube.com,BENIGN
2026-05-01 12:57:11,127.0.0.1,18.993957,3,0,1500,100,633.3333333333334,0,100.031816,0.157945,1,1,0,6,443,https://play.google.com:443/,play.google.com,BENIGN
2026-05-01 12:57:12,127.0.0.1,18.995820,3,0,1500,100,633.3333333333334,0,100.022005,0.157929,1,1,0,6,443,https://play.google.com:443/,play.google.com,BENIGN
2026-05-01 12:57:28,127.0.0.1,19.179557,1,0,667,100,667.0,0,34.776611,0.052139,1,1,0,6,443,https://play.google.com:443/,play.google.com,BENIGN
2026-05-01 12:57:29,127.0.0.1,19.178947,1,0,676,100,676.0,0,35.246981,0.052141,1,1,0,6,443,https://www.googleadservices.com:443/,www.googleadservices.com,BENIGN
2026-05-01 12:57:29,127.0.0.1,19.208389,1,0,667,100,667.0,0,34.724412,0.052061,1,1,0,6,443,https://www.youtube.com:443/,www.youtube.com,BENIGN
2026-05-01 12:57:30,127.0.0.1,19.170943,1,0,667,100,667.0,0,34.792238,0.052162,1,1,0,6,443,https://play.google.com:443/,play.google.com,BENIGN
2026-05-01 12:57:31,127.0.0.1,19.193054,1,0,667,100,667.0,0,34.752156,0.052102,1,1,0,6,443,https://play.google.com:443/,play.google.com,BENIGN
2026-05-01 12:57:35,127.0.0.1,4.913657,3,0,1500,100,633.3333333333334,0,386.677361,0.610543,1,1,0,6,443,https://www.youtube.com:443/,www.youtube.com,BENIGN
2026-05-01 12:57:35,127.0.0.1,2.958955,3,0,1500,100,633.3333333333334,0,642.118477,1.013871,1,1,0,6,443,https://play.google.com:443/,play.google.com,BENIGN
2026-05-01 12:57:54,127.0.0.1,18.982765,3,0,1500,100,633.3333333333334,0,100.090794,0.158038,1,1,0,6,443,https://play.google.com:443/,play.google.com,BENIGN
2026-05-01 12:57:54,127.0.0.1,19.007928,3,0,1500,100,636.3333333333334,0,100.431778,0.157829,1,1,0,6,443,https://www.googleadservices.com:443/,www.googleadservices.com,BENIGN
2026-05-01 12:57:55,127.0.0.1,18.984111,3,0,1500,100,633.3333333333334,0,100.083697,0.158027,1,1,0,6,443,https://play.google.com:443/,play.google.com,BENIGN
2026-05-01 12:57:55,127.0.0.1,18.972818,3,0,1500,100,633.3333333333334,0,100.143268,0.158121,1,1,0,6,443,https://www.youtube.com:443/,www.youtube.com,BENIGN
2026-05-01 12:57:55,127.0.0.1,18.995508,3,0,1500,100,633.3333333333334,0,100.023647,0.157932,1,1,0,6,443,https://play.google.com:443/,play.google.com,BENIGN
2026-05-01 12:58:04,127.0.0.1,170.582815,5,16,1500,100,539.2,1500,65.926922,0.123107,1,1,0,6,443,https://encrypted-tbn1.gstatic.com:443/,encrypted-tbn1.gstatic.com,BENIGN
2026-05-01 12:58:13,127.0.0.1,19.196557,1,0,667,100,667.0,0,34.745814,0.052093,1,1,0,6,443,https://play.google.com:443/,play.google.com,BENIGN
2026-05-01 12:58:13,127.0.0.1,19.179879,1,0,676,100,676.0,0,35.245269,0.052138,1,1,0,6,443,https://www.googleadservices.com:443/,www.googleadservices.com,BENIGN
2026-05-01 12:58:14,127.0.0.1,242.928959,16,55,1500,100,518.8125,1500,150.941247,0.292267,1,1,0,6,443,https://www.google.com:443/,www.google.com,BENIGN
2026-05-01 12:58:14,127.0.0.1,19.197591,1,0,667,100,667.0,0,34.743943,0.052090,1,1,0,6,443,https://play.google.com:443/,play.google.com,BENIGN
2026-05-01 12:58:14,127.0.0.1,19.185762,1,0,667,100,667.0,0,34.765363,0.052122,1,1,0,6,443,https://www.youtube.com:443/,www.youtube.com,BENIGN
2026-05-01 12:58:15,127.0.0.1,19.195420,1,0,667,100,667.0,0,34.747872,0.052096,1,1,0,6,443,https://play.google.com:443/,play.google.com,BENIGN
2026-05-01 12:58:35,127.0.0.1,19.020062,3,0,1500,100,633.3333333333334,0,99.894522,0.157728,1,1,0,6,443,https://www.youtube.com:443/,www.youtube.com,BENIGN
2026-05-01 12:58:36,127.0.0.1,19.036114,3,0,1500,100,633.3333333333334,0,99.810286,0.157595,1,1,0,6,443,https://play.google.com:443/,play.google.com,BENIGN
2026-05-01 12:58:54,127.0.0.1,19.186722,1,0,667,100,667.0,0,34.763624,0.052119,1,1,0,6,443,https://www.youtube.com:443/,www.youtube.com,BENIGN
2026-05-01 12:58:55,127.0.0.1,19.174237,1,0,667,100,667.0,0,34.786260,0.052153,1,1,0,6,443,https://play.google.com:443/,play.google.com,BENIGN
2026-05-01 12:59:04,127.0.0.1,18.999546,3,0,1500,100,633.3333333333334,0,100.002391,0.157899,1,1,0,6,443,https://play.google.com:443/,play.google.com,BENIGN
2026-05-01 12:59:18,127.0.0.1,18.976891,3,0,1500,100,633.3333333333334,0,100.121773,0.158087,1,1,0,6,443,https://play.google.com:443/,play.google.com,BENIGN
2026-05-01 12:59:19,127.0.0.1,308.313624,24,11,1500,100,522.4583333333334,1500,59.822202,0.113521,1,1,0,6,443,https://incoming.telemetry.mozilla.org:443/,incoming.telemetry.mozilla.org,BENIGN
2026-05-01 12:59:23,127.0.0.1,18.973883,3,0,1500,100,633.3333333333334,0,100.137648,0.158112,1,1,0,6,443,https://play.google.com:443/,play.google.com,BENIGN
2026-05-01 12:59:40,127.0.0.1,21.603358,1,0,667,100,667.0,0,30.874830,0.046289,1,1,0,6,443,https://play.google.com:443/,play.google.com,BENIGN
2026-05-01 12:59:40,127.0.0.1,326.154604,22,42,1500,100,512.2272727272727,1500,100.783492,0.196226,1,1,0,6,443,https://lh3.google.com:443/,lh3.google.com,BENIGN
2026-05-01 12:59:40,127.0.0.1,328.090697,17,46,1500,100,514.6470588235294,1500,98.512394,0.192020,1,1,0,6,443,https://lh3.googleusercontent.com:443/,lh3.googleusercontent.com,BENIGN
2026-05-01 12:59:41,127.0.0.1,327.732011,11,294,1500,100,547.1818181818181,1500,478.769223,0.930638,1,1,0,6,443,https://encrypted-tbn0.gstatic.com:443/,encrypted-tbn0.gstatic.com,BENIGN
2026-05-01 12:59:42,127.0.0.1,19.178528,1,0,667,100,667.0,0,34.778478,0.052142,1,1,0,6,443,https://play.google.com:443/,play.google.com,BENIGN
2026-05-01 12:59:48,127.0.0.1,4.018259,3,0,1500,100,633.3333333333334,0,472.841585,0.746592,1,1,0,6,443,https://play.google.com:443/,play.google.com,BENIGN
2026-05-01 12:59:48,127.0.0.1,3.126535,3,0,1500,100,633.3333333333334,0,607.701575,0.959529,1,1,0,6,443,https://play.google.com:443/,play.google.com,BENIGN
2026-05-01 12:59:48,127.0.0.1,4.523576,3,0,1500,100,633.3333333333334,0,420.021719,0.663192,1,1,0,6,443,https://www.youtube.com:443/,www.youtube.com,BENIGN
2026-05-01 12:59:48,127.0.0.1,5.087894,3,0,1500,100,636.3333333333334,0,375.204350,0.589635,1,1,0,6,443,https://www.googleadservices.com:443/,www.googleadservices.com,BENIGN
2026-05-01 13:00:08,127.0.0.1,19.033437,3,0,1500,100,633.3333333333334,0,99.824324,0.157617,1,1,0,6,443,https://play.google.com:443/,play.google.com,BENIGN
2026-05-01 13:00:08,127.0.0.1,18.993702,3,0,1500,100,633.3333333333334,0,100.033156,0.157947,1,1,0,6,443,https://play.google.com:443/,play.google.com,BENIGN
2026-05-01 13:00:09,127.0.0.1,19.006728,3,0,1500,100,633.3333333333334,0,99.964604,0.157839,1,1,0,6,443,https://play.google.com:443/,play.google.com,BENIGN
2026-05-01 13:00:27,127.0.0.1,19.182318,1,0,667,100,667.0,0,34.771606,0.052131,1,1,0,6,443,https://play.google.com:443/,play.google.com,BENIGN
2026-05-01 13:00:27,127.0.0.1,19.184414,1,0,667,100,667.0,0,34.767807,0.052126,1,1,0,6,443,https://play.google.com:443/,play.google.com,BENIGN
2026-05-01 13:00:28,127.0.0.1,19.196556,1,0,667,100,667.0,0,34.745815,0.052093,1,1,0,6,443,https://play.google.com:443/,play.google.com,BENIGN
2026-05-01 13:00:43,127.0.0.1,18.995068,3,0,1500,100,633.3333333333334,0,100.025963,0.157936,1,1,0,6,443,https://play.google.com:443/,play.google.com,BENIGN
2026-05-01 13:00:49,127.0.0.1,19.020786,3,0,1500,100,633.3333333333334,0,99.890722,0.157722,1,1,0,6,443,https://play.google.com:443/,play.google.com,BENIGN
2026-05-01 13:01:02,127.0.0.1,19.188832,1,0,667,100,667.0,0,34.759802,0.052114,1,1,0,6,443,https://play.google.com:443/,play.google.com,BENIGN
2026-05-01 13:01:04,127.0.0.1,19.043493,3,0,1500,100,633.3333333333334,0,99.771613,0.157534,1,1,0,6,443,https://play.google.com:443/,play.google.com,BENIGN
2026-05-01 13:01:09,127.0.0.1,19.188387,1,0,667,100,667.0,0,34.760608,0.052115,1,1,0,6,443,https://play.google.com:443/,play.google.com,BENIGN
2026-05-01 13:01:23,127.0.0.1,19.173506,1,0,667,100,667.0,0,34.787587,0.052155,1,1,0,6,443,https://play.google.com:443/,play.google.com,BENIGN
2026-05-01 13:01:33,127.0.0.1,19.031631,3,0,1500,100,633.3333333333334,0,99.833799,0.157632,1,1,0,6,443,https://play.google.com:443/,play.google.com,BENIGN
2026-05-01 13:01:42,127.0.0.1,82.955528,5,754,1500,100,531.4,1500,4689.440336,9.149481,1,1,0,6,443,https://habrastorage.org:443/,habrastorage.org,BENIGN
2026-05-01 13:01:52,127.0.0.1,19.168195,1,0,667,100,667.0,0,34.797226,0.052170,1,1,0,6,443,https://play.google.com:443/,play.google.com,BENIGN
2026-05-01 13:01:52,127.0.0.1,120.328855,5,130,1500,100,521.8,1500,576.478519,1.121925,1,1,0,6,443,https://learn.microsoft.com:443/,learn.microsoft.com,BENIGN
2026-05-01 13:02:18,127.0.0.1,18.992518,3,0,1500,100,633.3333333333334,0,100.039396,0.157957,1,1,0,6,443,https://play.google.com:443/,play.google.com,BENIGN
2026-05-01 13:02:20,127.0.0.1,18.995828,3,0,1500,100,633.3333333333334,0,100.021962,0.157929,1,1,0,6,443,https://play.google.com:443/,play.google.com,BENIGN
2026-05-01 13:02:33,127.0.0.1,170.551607,10,2,1500,100,534.5,1485,40.046530,0.070360,1,1,0,6,443,https://incoming.telemetry.mozilla.org:443/,incoming.telemetry.mozilla.org,BENIGN
2026-05-01 13:02:33,127.0.0.1,177.451547,15,48,1500,100,513.4,1500,184.337644,0.355026,1,1,0,6,443,https://www.google.com:443/,www.google.com,BENIGN
2026-05-01 13:02:34,127.0.0.1,170.617957,6,10,1500,100,513.8333333333334,1500,49.531715,0.093777,1,1,0,6,443,https://mozilla-ohttp.fastly-edge.com:443/,mozilla-ohttp.fastly-edge.com,BENIGN
2026-05-01 13:02:37,127.0.0.1,19.195331,1,0,667,100,667.0,0,34.748034,0.052096,1,1,0,6,443,https://play.google.com:443/,play.google.com,BENIGN
2026-05-01 13:02:39,127.0.0.1,19.191948,1,0,667,100,667.0,0,34.754158,0.052105,1,1,0,6,443,https://play.google.com:443/,play.google.com,BENIGN
2026-05-01 13:02:40,127.0.0.1,170.404643,5,11,1500,100,530.2,1500,48.995144,0.093894,1,1,0,6,443,https://fonts.gstatic.com:443/,fonts.gstatic.com,BENIGN
2026-05-01 13:02:40,127.0.0.1,176.732834,9,8,1500,100,559.0,1500,53.198943,0.096190,1,1,0,6,443,https://lh3.googleusercontent.com:443/,lh3.googleusercontent.com,BENIGN
2026-05-01 13:02:40,127.0.0.1,369.795526,39,25,1500,100,524.6410256410256,1500,90.896178,0.173069,1,1,0,6,443,https://accounts.google.com:443/,accounts.google.com,BENIGN
2026-05-01 13:02:40,127.0.0.1,176.831442,11,13,1500,100,521.7272727272727,1500,71.684084,0.135722,1,1,0,6,443,https://lh3.google.com:443/,lh3.google.com,BENIGN
2026-05-01 13:02:40,127.0.0.1,504.906003,47,20,1500,100,514.468085106383,1500,68.589004,0.132698,1,1,0,6,443,https://csp.withgoogle.com:443/,csp.withgoogle.com,BENIGN
2026-05-01 13:02:40,127.0.0.1,504.745833,61,36,1500,100,515.9016393442623,1500,99.059758,0.192176,1,1,0,6,443,https://ogads-pa.clients6.google.com:443/,ogads-pa.clients6.google.com,BENIGN
2026-05-01 13:02:44,127.0.0.1,508.899789,97,5853,1500,100,516.639175257732,1500,5987.530488,11.691889,1,1,0,6,443,https://www.gstatic.com:443/,www.gstatic.com,BENIGN
2026-05-01 13:02:44,127.0.0.1,374.294068,25,205,1500,100,513.2,1500,315.396396,0.614490,1,1,0,6,443,https://ogs.google.com:443/,ogs.google.com,BENIGN
2026-05-01 13:03:14,127.0.0.1,19.013804,3,0,1500,100,633.3333333333334,0,99.927400,0.157780,1,1,0,6,443,https://play.google.com:443/,play.google.com,BENIGN
2026-05-01 13:03:17,127.0.0.1,205.925266,6,14,1500,100,515.8333333333334,1500,50.829120,0.097123,1,1,0,6,443,https://encrypted-tbn2.gstatic.com:443/,encrypted-tbn2.gstatic.com,BENIGN
2026-05-01 13:03:17,127.0.0.1,213.648744,18,312,1500,100,512.1666666666666,1500,792.234939,1.544591,1,1,0,6,443,https://encrypted-tbn0.gstatic.com:443/,encrypted-tbn0.gstatic.com,BENIGN
2026-05-01 13:03:32,127.0.0.1,0.079620,7,116,1500,100,535.0,1500,798480.281296,1544.837980,1,1,0,6,443,https://www.gstatic.com:443/,www.gstatic.com,BENIGN
2026-05-01 13:03:33,127.0.0.1,19.170405,1,0,667,100,667.0,0,34.793214,0.052164,1,1,0,6,443,https://play.google.com:443/,play.google.com,BENIGN
2026-05-01 13:03:33,127.0.0.1,0.456599,3,0,1500,100,633.3333333333334,0,4161.200528,6.570317,1,1,0,6,443,https://play.google.com:443/,play.google.com,BENIGN
2026-05-01 13:03:33,127.0.0.1,0.228922,3,0,1500,100,633.3333333333334,0,8299.784730,13.104923,1,1,0,6,443,https://play.google.com:443/,play.google.com,BENIGN
2026-05-01 13:03:33,127.0.0.1,1.301830,3,0,1500,100,636.3333333333334,0,1466.396964,2.304448,1,1,0,6,443,https://www.googleadservices.com:443/,www.googleadservices.com,BENIGN
2026-05-01 13:03:34,127.0.0.1,0.000997,1,0,64,0,0.0,0,0.000000,1002.506266,1,1,0,6,443,https://msg.tproger.ru:443/,msg.tproger.ru,BENIGN
2026-05-01 13:03:35,127.0.0.1,0.037870,6,10,1500,100,519.1666666666666,1500,226061.055747,422.494673,1,1,0,6,443,https://mc.yandex.ru:443/,mc.yandex.ru,BENIGN
2026-05-01 13:03:46,127.0.0.1,11.849731,2,6,1464,100,732.0,1500,405.663224,0.675121,1,1,0,6,443,https://msg.tproger.ru:443/,msg.tproger.ru,BENIGN
2026-05-01 13:03:46,127.0.0.1,11.413036,7,1,1500,100,565.0,803,416.891691,0.700953,1,1,0,6,443,https://mc.yandex.ru:443/,mc.yandex.ru,BENIGN
2026-05-01 13:03:48,127.0.0.1,2.178408,1,0,64,0,0.0,0,0.000000,0.459051,1,0,1,6,443,https://key-seo.com:443/,key-seo.com,BENIGN
2026-05-01 13:03:48,127.0.0.1,1.521350,4,1,1500,100,529.0,901,1983.107109,3.286555,1,1,0,6,443,https://msg.tproger.ru:443/,msg.tproger.ru,BENIGN
2026-05-01 13:03:49,127.0.0.1,0.061397,4,206,1500,100,637.25,1500,1766888.392747,3420.351418,1,1,0,6,443,https://files.reg.ru:443/,files.reg.ru,BENIGN
2026-05-01 13:03:49,127.0.0.1,0.067580,4,220,1500,100,637.25,1500,1710412.609733,3314.609734,1,1,0,6,443,https://files.reg.ru:443/,files.reg.ru,BENIGN
2026-05-01 13:03:49,127.0.0.1,0.022021,6,9,1500,100,517.6666666666666,1500,363430.772282,681.177257,1,1,0,6,443,https://yastatic.net:443/,yastatic.net,BENIGN
2026-05-01 13:03:49,127.0.0.1,0.023385,6,52,1500,100,525.3333333333334,1500,1292601.366071,2480.179940,1,1,0,6,443,https://yastatic.net:443/,yastatic.net,BENIGN
2026-05-01 13:03:49,127.0.0.1,0.025852,4,29,1500,100,616.5,1500,677203.610033,1276.501921,1,1,0,6,443,https://yastatic.net:443/,yastatic.net,BENIGN
2026-05-01 13:03:49,127.0.0.1,0.028010,4,75,1500,100,619.75,1500,1470643.888403,2820.471625,1,1,0,6,443,https://yastatic.net:443/,yastatic.net,BENIGN
2026-05-01 13:03:49,127.0.0.1,0.038693,6,261,1500,100,516.3333333333334,1500,3545310.754757,6900.508620,1,1,0,6,443,https://yastatic.net:443/,yastatic.net,BENIGN
2026-05-01 13:03:50,127.0.0.1,15.903949,10,6977,1500,100,559.1,1500,224975.004636,439.324849,1,1,0,6,443,https://media.tproger.ru:443/,media.tproger.ru,BENIGN
2026-05-01 13:03:50,127.0.0.1,19.025882,3,0,1500,100,633.3333333333334,0,99.863965,0.157680,1,1,0,6,443,https://play.google.com:443/,play.google.com,BENIGN
2026-05-01 13:03:52,127.0.0.1,18.998188,3,0,1500,100,633.3333333333334,0,100.009539,0.157910,1,1,0,6,443,https://play.google.com:443/,play.google.com,BENIGN
2026-05-01 13:04:02,127.0.0.1,13.100331,7,8,1500,100,547.4285714285714,1500,627.007068,1.145009,1,1,0,6,443,https://mc.yandex.ru:443/,mc.yandex.ru,BENIGN
2026-05-01 13:04:06,127.0.0.1,3.055684,5,8,1500,100,555.4,1500,2265.286816,4.254367,1,1,0,6,443,https://mc.yandex.ru:443/,mc.yandex.ru,BENIGN
2026-05-01 13:04:09,127.0.0.1,19.162452,1,0,667,100,667.0,0,34.807655,0.052185,1,1,0,6,443,https://play.google.com:443/,play.google.com,BENIGN
2026-05-01 13:04:12,127.0.0.1,19.200948,1,0,667,100,667.0,0,34.737868,0.052081,1,1,0,6,443,https://play.google.com:443/,play.google.com,BENIGN
2026-05-01 13:04:14,127.0.0.1,36.185124,4,9,1500,100,630.25,1500,207.599123,0.359264,1,1,0,6,443,https://privacy-cs.mail.ru:443/,privacy-cs.mail.ru,BENIGN
2026-05-01 13:04:15,127.0.0.1,36.107751,5,9,1500,100,602.4,1500,221.642161,0.387728,1,1,0,6,443,https://privacy-cs.mail.ru:443/,privacy-cs.mail.ru,BENIGN
2026-05-01 13:04:15,127.0.0.1,39.673249,10,54,1500,100,525.1,1500,837.037563,1.613178,1,1,0,6,443,https://privacy-cs.mail.ru:443/,privacy-cs.mail.ru,BENIGN
2026-05-01 13:04:18,127.0.0.1,28.996155,6,437,1500,100,543.6666666666666,1500,7843.936604,15.277888,1,1,0,6,443,https://yastatic.net:443/,yastatic.net,BENIGN
2026-05-01 13:04:18,127.0.0.1,26.758854,5,30,1500,100,553.2,1500,680.634527,1.307978,1,1,0,6,443,https://yastatic.net:443/,yastatic.net,BENIGN
2026-05-01 13:04:18,127.0.0.1,15.077289,5,12,1500,100,576.0,1500,605.148574,1.127524,1,1,0,6,443,https://strm.yandex.ru:443/,strm.yandex.ru,BENIGN
2026-05-01 13:04:18,127.0.0.1,15.040818,5,205,1500,100,520.8,1500,7181.590979,13.962007,1,1,0,6,443,https://strm-mar-136.strm.yandex.net:443/,strm-mar-136.strm.yandex.net,BENIGN
2026-05-01 13:04:21,127.0.0.1,32.169997,2,38,1313,100,656.5,1500,659.962756,1.243395,0,1,0,6,80,http://key-seo.com:80/head-scripts.js,key-seo.com,BENIGN
2026-05-01 13:04:21,127.0.0.1,32.171800,2,10,1279,100,639.5,1500,202.071382,0.372997,0,1,0,6,80,http://key-seo.com:80/manifest.js,key-seo.com,BENIGN
2026-05-01 13:04:21,127.0.0.1,32.229083,3,51,1500,100,581.3333333333334,1500,877.096012,1.675505,0,0,0,6,80,http://key-seo.com:80/404,key-seo.com,BENIGN
2026-05-01 13:04:21,127.0.0.1,32.170902,5,139,1500,100,603.2,1500,2314.389533,4.476095,0,1,0,6,80,http://key-seo.com:80/parking-crew.js,key-seo.com,BENIGN
2026-05-01 13:04:23,127.0.0.1,19.005162,3,0,1500,100,633.3333333333334,0,99.972839,0.157852,1,1,0,6,443,https://play.google.com:443/,play.google.com,BENIGN
2026-05-01 13:04:29,127.0.0.1,170.747153,5,10,1500,100,606.2,1500,48.270204,0.087849,1,1,0,6,443,https://mozilla-ohttp.fastly-edge.com:443/,mozilla-ohttp.fastly-edge.com,BENIGN
2026-05-01 13:04:34,127.0.0.1,60.023010,4,6,1500,100,531.25,1500,87.549758,0.166603,1,1,0,6,443,https://msg.tproger.ru:443/,msg.tproger.ru,BENIGN
2026-05-01 13:04:45,127.0.0.1,21.620186,1,0,667,100,667.0,0,30.850798,0.046253,1,1,0,6,443,https://play.google.com:443/,play.google.com,BENIGN
2026-05-01 13:04:48,127.0.0.1,73.821070,11,64,1500,100,514.0909090909091,1500,526.082866,1.015970,1,1,0,6,443,https://top-fwz1.mail.ru:443/,top-fwz1.mail.ru,BENIGN
2026-05-01 13:04:49,127.0.0.1,75.138227,4,178,1500,100,607.0,1500,1249.483836,2.422202,1,1,0,6,443,https://proxy.tproger.ru:443/,proxy.tproger.ru,BENIGN
2026-05-01 13:04:50,127.0.0.1,76.688669,34,5129,1500,100,521.8235294117648,1500,34480.882607,67.324157,1,1,0,6,443,https://tproger.ru:443/,tproger.ru,BENIGN
2026-05-01 13:05:21,127.0.0.1,92.199891,5,13,1500,100,568.4,1500,108.037004,0.195228,1,1,0,6,443,https://www.reg.ru:443/,www.reg.ru,BENIGN
2026-05-01 13:05:33,127.0.0.1,9.067342,3,0,1500,100,633.3333333333334,0,209.543209,0.330858,1,1,0,6,443,https://play.google.com:443/,play.google.com,BENIGN
2026-05-01 13:05:33,127.0.0.1,10.501299,3,0,1500,100,636.3333333333334,0,181.787027,0.285679,1,1,0,6,443,https://www.googleadservices.com:443/,www.googleadservices.com,BENIGN
2026-05-01 13:05:36,127.0.0.1,21.394791,3,0,1500,100,633.3333333333334,0,88.806663,0.140221,1,1,0,6,443,https://play.google.com:443/,play.google.com,BENIGN
2026-05-01 13:05:44,127.0.0.1,18.993856,3,0,1500,100,633.3333333333334,0,100.032349,0.157946,1,1,0,6,443,https://play.google.com:443/,play.google.com,BENIGN
2026-05-01 13:05:45,127.0.0.1,19.004548,3,0,1500,100,633.3333333333334,0,99.976071,0.157857,1,1,0,6,443,https://play.google.com:443/,play.google.com,BENIGN
2026-05-01 13:05:45,127.0.0.1,9.970452,3,0,1500,100,633.3333333333334,0,190.563072,0.300889,1,1,0,6,443,https://play.google.com:443/,play.google.com,BENIGN
2026-05-01 13:05:45,127.0.0.1,9.754012,3,0,1500,100,633.3333333333334,0,194.791639,0.307566,1,1,0,6,443,https://play.google.com:443/,play.google.com,BENIGN
2026-05-01 13:05:45,127.0.0.1,11.636983,3,0,1500,100,636.3333333333334,0,164.045952,0.257799,1,1,0,6,443,https://www.googleadservices.com:443/,www.googleadservices.com,BENIGN
2026-05-01 13:05:46,127.0.0.1,0.153427,5,437,1500,100,528.4,1500,1476292.618722,2880.850750,1,1,0,6,443,https://assets.habr.com:443/,assets.habr.com,BENIGN
2026-05-01 13:05:46,127.0.0.1,0.423009,5,118,1500,100,529.2,1500,149498.107253,290.774161,1,1,0,6,443,https://assets.habr.com:443/,assets.habr.com,BENIGN
2026-05-01 13:05:46,127.0.0.1,0.474091,5,576,1500,100,527.0,1500,628139.431605,1225.504155,1,1,0,6,443,https://assets.habr.com:443/,assets.habr.com,BENIGN
2026-05-01 13:05:46,127.0.0.1,0.067965,4,25,1500,100,637.75,1500,225908.733112,426.687069,1,1,0,6,443,https://habrastorage.org:443/,habrastorage.org,BENIGN
2026-05-01 13:05:46,127.0.0.1,0.078455,4,45,1500,100,628.0,1500,327832.912255,624.565035,1,1,0,6,443,https://fonts.gstatic.com:443/,fonts.gstatic.com,BENIGN
2026-05-01 13:05:46,127.0.0.1,0.023375,4,62,1500,100,632.75,1500,1486562.797244,2823.481096,1,1,0,6,443,https://yastatic.net:443/,yastatic.net,BENIGN
2026-05-01 13:05:46,127.0.0.1,0.025245,4,15,1500,100,622.25,1500,411839.035395,752.615338,1,1,0,6,443,https://yastatic.net:443/,yastatic.net,BENIGN
2026-05-01 13:05:46,127.0.0.1,0.023028,4,29,1500,100,616.0,1500,760131.320909,1433.062934,1,1,0,6,443,https://yastatic.net:443/,yastatic.net,BENIGN
2026-05-01 13:05:46,127.0.0.1,0.033841,4,271,1500,100,619.25,1500,4187169.410289,8126.237405,1,1,0,6,443,https://yastatic.net:443/,yastatic.net,BENIGN
2026-05-01 13:05:46,127.0.0.1,0.038686,4,75,1500,100,619.25,1500,1064726.257965,2042.082408,1,1,0,6,443,https://yastatic.net:443/,yastatic.net,BENIGN
2026-05-01 13:05:46,127.0.0.1,0.062434,4,15,1500,100,626.75,1500,163179.272977,304.319414,1,1,0,6,443,https://cdn-c.skcrtxr.com:443/,cdn-c.skcrtxr.com,BENIGN
2026-05-01 13:05:47,127.0.0.1,0.057756,5,8,1500,100,604.8,1500,129961.423673,225.086399,1,1,0,6,443,https://effect.habr.com:443/,effect.habr.com,BENIGN
2026-05-01 13:05:47,127.0.0.1,0.061089,5,8,1500,100,607.2,1500,123213.066778,212.803224,1,1,0,6,443,https://effect.habr.com:443/,effect.habr.com,BENIGN
2026-05-01 13:05:47,127.0.0.1,0.063049,5,8,1500,100,606.2,1500,119240.401492,206.188510,1,1,0,6,443,https://effect.habr.com:443/,effect.habr.com,BENIGN
2026-05-01 13:05:48,127.0.0.1,0.982733,5,6,1500,100,530.8,1500,6325.216244,11.193272,1,1,0,6,443,https://rap.skcrtxr.com:443/,rap.skcrtxr.com,BENIGN
2026-05-01 13:05:48,127.0.0.1,1.328678,6,4,1500,100,555.5,1500,4176.331348,7.526277,1,1,0,6,443,https://rap.skcrtxr.com:443/,rap.skcrtxr.com,BENIGN
2026-05-01 13:05:49,127.0.0.1,3.150092,8,47,1500,100,514.875,1500,9095.290204,17.459808,1,1,0,6,443,https://rap.skcrtxr.com:443/,rap.skcrtxr.com,BENIGN
2026-05-01 13:05:52,127.0.0.1,18.983482,3,0,1500,100,633.3333333333334,0,100.087013,0.158032,1,1,0,6,443,https://play.google.com:443/,play.google.com,BENIGN
2026-05-01 13:05:55,127.0.0.1,18.994025,3,0,1500,100,633.3333333333334,0,100.031458,0.157944,1,1,0,6,443,https://play.google.com:443/,play.google.com,BENIGN
2026-05-01 13:06:01,127.0.0.1,15.054165,4,19,1500,100,605.5,1500,830.268550,1.527816,1,1,0,6,443,https://yastatic.net:443/,yastatic.net,BENIGN
2026-05-01 13:06:02,127.0.0.1,132.650858,6,14,1500,100,523.0,1500,78.582228,0.150772,1,1,0,6,443,https://favicon.yandex.net:443/,favicon.yandex.net,BENIGN
2026-05-01 13:06:02,127.0.0.1,15.978285,5,13,1500,100,541.0,1500,613.707905,1.126529,1,1,0,6,443,https://cdn.skcrtxr.com:443/,cdn.skcrtxr.com,BENIGN
2026-05-01 13:06:02,127.0.0.1,15.381228,5,296,1500,100,542.8,1500,10040.030353,19.569308,1,1,0,6,443,https://cdn-c.skcrtxr.com:443/,cdn-c.skcrtxr.com,BENIGN
2026-05-01 13:06:03,127.0.0.1,19.176313,1,0,667,100,667.0,0,34.782494,0.052148,1,1,0,6,443,https://play.google.com:443/,play.google.com,BENIGN
2026-05-01 13:06:04,127.0.0.1,19.177100,1,0,667,100,667.0,0,34.781066,0.052146,1,1,0,6,443,https://play.google.com:443/,play.google.com,BENIGN
2026-05-01 13:06:05,127.0.0.1,18.984236,3,0,1500,100,633.3333333333334,0,100.083035,0.158026,1,1,0,6,443,https://play.google.com:443/,play.google.com,BENIGN
2026-05-01 13:06:06,127.0.0.1,18.976459,3,0,1500,100,636.0,0,100.545627,0.158091,1,1,0,6,443,https://stats.g.doubleclick.net:443/,stats.g.doubleclick.net,BENIGN
2026-05-01 13:06:07,127.0.0.1,20.191581,5,12,1500,100,603.4,1500,462.767119,0.841935,1,1,0,6,443,https://sentry.srv.habr.com:443/,sentry.srv.habr.com,BENIGN
2026-05-01 13:06:07,127.0.0.1,20.077896,5,8,1500,100,594.6,1500,374.740468,0.647478,1,1,0,6,443,https://effect.habr.com:443/,effect.habr.com,BENIGN
2026-05-01 13:06:07,127.0.0.1,19.692558,6,10,1500,100,537.3333333333334,1500,445.091999,0.812490,1,1,0,6,443,https://ad.adriver.ru:443/,ad.adriver.ru,BENIGN
2026-05-01 13:06:08,127.0.0.1,22.412470,15,543,1500,100,520.6666666666666,1500,12754.372900,24.896854,1,1,0,6,443,https://habr.com:443/,habr.com,BENIGN
2026-05-01 13:06:09,127.0.0.1,714.690367,2658,12748,1500,100,512.1155003762227,1500,11037.698797,21.556188,1,1,0,6,443,https://www.google.com:443/,www.google.com,BENIGN
2026-05-01 13:06:09,127.0.0.1,22.959954,4,15,1500,100,613.75,1500,449.347580,0.827528,1,1,0,6,443,https://unpkg.com:443/,unpkg.com,BENIGN
2026-05-01 13:06:09,127.0.0.1,20.933091,6,33,1500,100,557.5,1500,980.648281,1.863079,1,1,0,6,443,https://storage.googleapis.com:443/,storage.googleapis.com,BENIGN
2026-05-01 13:06:09,127.0.0.1,156.746740,21,1862,1500,100,518.9047619047619,1500,6154.220484,12.013009,1,1,0,6,443,https://www.gstatic.com:443/,www.gstatic.com,BENIGN
2026-05-01 13:06:09,127.0.0.1,21.448469,6,15,1500,100,549.1666666666666,1500,512.437508,0.979091,1,1,0,6,443,https://analytics.google.com:443/,analytics.google.com,BENIGN
2026-05-01 13:06:09,127.0.0.1,13.523945,1,0,667,100,667.0,0,49.319930,0.073943,1,1,0,6,443,https://play.google.com:443/,play.google.com,BENIGN
2026-05-01 13:06:09,127.0.0.1,157.118331,12,7,1500,100,554.1666666666666,1500,68.165184,0.120928,1,1,0,6,443,https://csp.withgoogle.com:443/,csp.withgoogle.com,BENIGN
2026-05-01 13:06:09,127.0.0.1,154.871460,7,8,1500,100,546.8571428571429,1500,54.393495,0.096855,1,1,0,6,443,https://track2.tprg.ru:443/,track2.tprg.ru,BENIGN
2026-05-01 13:06:09,127.0.0.1,22.499578,11,13089,1500,100,541.8181818181819,1500,298117.994018,582.233148,1,1,0,6,443,https://habrastorage.org:443/,habrastorage.org,BENIGN
2026-05-01 13:06:09,127.0.0.1,153.663584,5,9,1500,100,569.2,1500,50.682145,0.091108,1,1,0,6,443,https://mc.yandex.md:443/,mc.yandex.md,BENIGN
2026-05-01 13:06:09,127.0.0.1,21.377131,4,11,1500,100,618.0,1500,380.079061,0.701684,1,1,0,6,443,https://www.tns-counter.ru:443/,www.tns-counter.ru,BENIGN
2026-05-01 13:06:09,127.0.0.1,22.963764,4,351,1500,100,611.75,1500,7938.724645,15.459138,1,1,0,6,443,https://www.googletagmanager.com:443/,www.googletagmanager.com,BENIGN
2026-05-01 13:06:09,127.0.0.1,22.972856,9,488,1500,100,566.7777777777778,1500,11103.713250,21.634228,1,1,0,6,443,https://assets.habr.com:443/,assets.habr.com,BENIGN
2026-05-01 13:06:09,127.0.0.1,154.097717,54,409,1500,100,512.7222222222222,1500,1539.386853,3.004587,1,1,0,6,443,https://mc.yandex.ru:443/,mc.yandex.ru,BENIGN
2026-05-01 13:06:09,127.0.0.1,20.434814,4,9,1500,100,611.25,1500,345.244144,0.636169,1,1,0,6,443,https://vk.com:443/,vk.com,BENIGN
2026-05-01 13:06:09,127.0.0.1,22.449335,5,74,1500,100,549.4,1500,1820.454775,3.519035,1,1,0,6,443,https://fonts.gstatic.com:443/,fonts.gstatic.com,BENIGN
2026-05-01 13:06:09,127.0.0.1,157.108025,22,9,1500,100,523.2727272727273,1500,103.444747,0.197316,1,1,0,6,443,https://ogads-pa.clients6.google.com:443/,ogads-pa.clients6.google.com,BENIGN
2026-05-01 13:06:09,127.0.0.1,43.459850,5,10,1500,100,588.0,1500,189.370189,0.345146,1,1,0,6,443,https://mozilla-ohttp.fastly-edge.com:443/,mozilla-ohttp.fastly-edge.com,BENIGN
2026-05-01 13:06:09,127.0.0.1,166.211232,16,98,1500,100,527.25,1500,353.435802,0.685874,1,1,0,6,443,https://www.google.com:443/,www.google.com,BENIGN
2026-05-01 13:06:09,127.0.0.1,21.257056,5,7,1500,100,535.0,1500,313.637034,0.564518,1,1,0,6,443,https://mc.yandex.ru:443/,mc.yandex.ru,BENIGN
2026-05-01 13:06:09,127.0.0.1,139.745626,7,499,1500,100,526.8571428571429,1500,1858.018803,3.620865,1,1,0,6,443,https://avatars.mds.yandex.net:443/,avatars.mds.yandex.net,BENIGN
2026-05-01 13:06:09,127.0.0.1,142.505423,5,5,1500,100,602.2,1500,41.338778,0.070173,1,1,0,6,443,https://dns.google:443/,dns.google,BENIGN
2026-05-01 13:06:09,127.0.0.1,140.274617,56,630,1500,100,520.3214285714286,1500,2507.809378,4.890407,1,1,0,6,443,https://yandex.ru:443/,yandex.ru,BENIGN
2026-05-01 13:06:09,127.0.0.1,22.085447,5,9,1500,100,527.8,1500,349.732562,0.633902,1,1,0,6,443,https://www.google.ru:443/,www.google.ru,BENIGN
2026-05-01 13:06:09,127.0.0.1,157.670162,11,21,1500,100,554.2727272727273,1500,109.189968,0.202955,1,1,0,6,443,https://lh3.googleusercontent.com:443/,lh3.googleusercontent.com,BENIGN
2026-05-01 13:06:09,127.0.0.1,122.804198,9,8,1500,100,524.1111111111111,1500,74.793860,0.138432,1,1,0,6,443,https://mc.yandex.ru:443/,mc.yandex.ru,BENIGN
2026-05-01 13:06:09,127.0.0.1,22.975280,4,12,1500,100,627.75,1500,393.683996,0.696401,1,1,0,6,443,https://fonts.googleapis.com:443/,fonts.googleapis.com,BENIGN
2026-05-01 13:06:09,127.0.0.1,21.214448,7,10,1500,100,571.0,1500,452.616060,0.801341,1,1,0,6,443,https://amc.yandex.ru:443/,amc.yandex.ru,BENIGN
2026-05-01 13:06:09,127.0.0.1,126.008981,11,10,1500,100,556.0909090909091,1500,91.834724,0.166655,1,1,0,6,443,https://log.strm.yandex.ru:443/,log.strm.yandex.ru,BENIGN
2026-05-01 13:06:09,127.0.0.1,157.756921,15,18,1500,100,545.8666666666667,1500,111.957053,0.209183,1,1,0,6,443,https://lh3.google.com:443/,lh3.google.com,BENIGN
2026-05-01 13:06:09,127.0.0.1,4.005193,1,0,667,100,667.0,0,166.533785,0.249676,1,1,0,6,443,https://play.google.com:443/,play.google.com,BENIGN
2026-05-01 13:06:09,127.0.0.1,140.235375,5,220,1500,100,513.0,1500,824.014626,1.604445,1,1,0,6,443,https://files.reg.ru:443/,files.reg.ru,BENIGN
2026-05-01 13:06:09,127.0.0.1,162.932386,9,146,1500,100,521.3333333333334,1500,487.717647,0.951315,1,1,0,6,443,https://encrypted-tbn0.gstatic.com:443/,encrypted-tbn0.gstatic.com,BENIGN
2026-05-01 13:06:09,127.0.0.1,46.716430,10,3,1500,100,519.5,1500,145.023923,0.278275,1,1,0,6,443,https://incoming.telemetry.mozilla.org:443/,incoming.telemetry.mozilla.org,BENIGN
2026-05-01 13:06:09,127.0.0.1,16.311213,1,0,667,100,667.0,0,40.892116,0.061308,1,1,0,6,443,https://play.google.com:443/,play.google.com,BENIGN
