Timestamp,Flow Duration,Total Fwd Packets,Total Backward Packets,Fwd Packet Length Max,Fwd Packet Length Min,Fwd Packet Length Mean,Bwd Packet Length Max,Flow Bytes/s,Flow Packets/s,SYN Flag Count,FIN Flag Count,RST Flag Count,http_token_len,http_slash_count,dns_qname_len,dns_qname_entropy,hdr_Flow_Duration,hdr_Fwd_Packet_Length_Max,hdr_Bwd_Packet_Length_Max,hdr_Flow_Bytes/s,hdr_Flow_Packets/s,hdr_SYN_Flag_Count,Protocol,Destination Port,Source IP,Label,is_attack
2017-07-03 09:00:00,88.986318,347,379,1116,11,295.2462562245198,65,29894.239716126536,12.320104,0,1,1,11,1,17,3.3371753411230767,88.986318,1116,65,29894.239716126536,12.320104,0,6,53,10.0.1.189,BENIGN,0
2017-07-03 09:00:04,91.057125,80,110,689,13,46.37292169007395,198,359043.48254658,8.067,0,2,4,16,2,17,3.29277019393699,91.057125,689,198,359043.48254658,8.067,0,6,80,10.0.3.88,BENIGN,0
2017-07-03 09:00:08,74.222752,36,23,1354,29,386.534170394346,163,855332.1892430454,43.099174,2,0,3,16,2,17,3.4104172527605194,74.222752,1354,163,855332.1892430454,43.099174,2,6,8080,10.0.4.50,BENIGN,0
2017-07-03 09:00:11,77.764598,126,83,946,48,134.973913392139,1310,688193.1422374699,30.495637,2,1,5,11,1,17,3.3371753411230767,77.764598,946,1310,688193.1422374699,30.495637,2,6,80,10.0.1.137,BENIGN,0
2017-07-03 09:00:14,9.441022,235,73,542,17,123.31375384699172,1149,539023.3919383237,3280.63894,372,3,4,130,1,58,4.681449426894339,9.441022,542,1149,539023.3919383237,3280.63894,372,6,22,192.168.3.227,FTP-Patator,1
2017-07-03 09:00:17,11.086443,271,4,1367,70,149.68937609998895,1358,103676.14326801967,797.156693,130,1,2,130,1,53,4.630958841593055,11.086443,1367,1358,103676.14326801967,797.156693,130,6,80,192.168.2.157,PortScan,1
2017-07-03 09:00:19,53.510188,385,126,1305,35,382.9068421485827,1067,484648.55736855976,8.04198,2,1,2,16,2,17,3.4548223999466057,53.510188,1305,1067,484648.55736855976,8.04198,2,6,80,10.0.3.116,BENIGN,0
2017-07-03 09:00:22,45.964852,209,169,1111,59,207.887117051578,423,832907.8802235536,7.724983,0,3,4,11,2,17,3.4548223999466057,45.964852,1111,423,832907.8802235536,7.724983,0,6,53,10.0.1.17,BENIGN,0
2017-07-03 09:00:24,22.425723,140,223,994,3,194.42860162306405,1369,679173.9708398469,2735.200226,280,3,5,130,1,57,4.729489084522968,22.425723,994,1369,679173.9708398469,2735.200226,280,17,8080,192.168.1.125,DoS Hulk,1
2017-07-03 09:00:29,29.700948,51,485,425,80,105.5125976526965,1352,81279.3467204376,1533.847419,306,1,1,130,1,66,4.557440096821823,29.700948,425,1352,81279.3467204376,1533.847419,306,6,443,192.168.0.157,DoS Hulk,1
2017-07-03 09:00:32,11.245858,406,92,348,22,39.48417532999732,783,619748.3975005616,736.393281,188,1,3,130,1,48,4.347794209361695,11.245858,348,783,619748.3975005616,736.393281,188,17,443,192.168.3.145,DoS Hulk,1
2017-07-03 09:00:35,93.362267,114,484,1259,5,363.6214985818676,1349,521499.0695916128,25.710574,1,3,5,11,2,17,3.4548223999466057,93.362267,1259,1349,521499.0695916128,25.710574,1,6,80,10.0.0.116,BENIGN,0
2017-07-03 09:00:38,38.654096,325,299,1123,91,162.59272165933396,1223,530603.7817475814,7.501858,0,3,4,16,2,17,3.29277019393699,38.654096,1123,1223,530603.7817475814,7.501858,0,6,80,10.0.1.71,BENIGN,0
2017-07-03 09:00:40,26.642843,374,48,640,54,156.2617855709339,522,374363.5933331933,2074.92972,236,1,5,130,1,51,4.513221116897697,26.642843,640,522,374363.5933331933,2074.92972,236,6,80,192.168.3.103,DoS Hulk,1
2017-07-03 09:00:43,60.164575,366,43,1033,82,86.27945571818246,507,707650.9421528465,47.890346,1,3,4,11,2,17,3.572469458770135,60.164575,1033,507,707650.9421528465,47.890346,1,17,22,10.0.3.27,BENIGN,0
2017-07-03 09:00:47,77.676996,198,145,516,92,425.7831299922022,1234,873292.3340943328,3.389002,2,2,0,11,2,17,3.4548223999466057,77.676996,516,1234,873292.3340943328,3.389002,2,17,22,10.0.0.143,BENIGN,0
2017-07-03 09:00:50,11.301003,425,484,1403,67,46.72648253301087,1373,423464.0256854715,3960.39317,291,2,0,130,1,51,4.606454205175411,11.301003,1403,1373,423464.0256854715,3960.39317,291,6,22,192.168.1.172,DoS Hulk,1
2017-07-03 09:00:52,72.294793,53,40,671,84,147.81997467017115,913,602661.3655678268,41.13483,1,3,1,11,2,17,3.4104172527605194,72.294793,671,913,602661.3655678268,41.13483,1,6,22,10.0.4.76,BENIGN,0
2017-07-03 09:00:56,9.005865,348,81,63,18,424.33465498526726,1388,781333.8385464922,31.911876,0,0,1,16,2,17,3.4548223999466057,9.005865,63,1388,781333.8385464922,31.911876,0,6,443,10.0.2.132,BENIGN,0
2017-07-03 09:00:59,44.642233,188,203,643,83,139.34488314990568,232,26010.7495300568,38.177915,1,1,3,11,1,17,3.4548223999466057,44.642233,643,232,26010.7495300568,38.177915,1,6,53,10.0.4.36,BENIGN,0
2017-07-03 09:01:00,24.022201,461,365,911,11,405.256609178816,654,667873.0065099191,6.872848,1,0,4,11,1,17,3.572469458770135,24.022201,911,654,667873.0065099191,6.872848,1,6,22,10.0.0.116,BENIGN,0
2017-07-03 09:01:03,118.21592,185,283,1172,47,233.7029196458374,1129,129858.25259079903,39.624077,0,0,0,16,2,17,3.572469458770135,118.21592,1172,1129,129858.25259079903,39.624077,0,6,8080,10.0.1.127,BENIGN,0
2017-07-03 09:01:07,77.080988,66,449,1129,81,293.8929952009139,264,432675.02465332666,22.553727,1,0,0,11,1,17,3.572469458770135,77.080988,1129,264,432675.02465332666,22.553727,1,17,22,10.0.5.133,BENIGN,0
2017-07-03 09:01:10,101.512199,65,320,620,78,266.7390148841903,1029,641023.3285562622,12.605205,1,1,1,11,1,17,3.3371753411230767,101.512199,620,1029,641023.3285562622,12.605205,1,6,53,10.0.5.142,BENIGN,0
2017-07-03 09:01:12,25.297795,255,455,1284,69,144.83582840080288,618,482996.5236936019,28.649646,2,3,2,16,2,17,3.3371753411230767,25.297795,1284,618,482996.5236936019,28.649646,2,6,80,10.0.4.164,BENIGN,0
2017-07-03 09:01:15,103.378348,390,189,1054,71,53.09196680454864,495,466525.9197839324,16.033888,1,2,3,11,1,17,3.4548223999466057,103.378348,1054,495,466525.9197839324,16.033888,1,17,443,10.0.2.103,BENIGN,0
2017-07-03 09:01:18,28.012612,256,263,956,63,439.5378318002093,1018,23273.9805865294,3608.43086,172,3,4,130,1,49,4.295746773031725,28.012612,956,1018,23273.9805865294,3608.43086,172,6,443,192.168.1.196,PortScan,1
2017-07-03 09:01:23,29.915157,493,446,592,4,4.633584240049893,1163,602822.6872093227,1991.002926,23,2,2,130,1,54,4.553149483837893,29.915157,592,1163,602822.6872093227,1991.002926,23,6,53,192.168.3.48,PortScan,1
2017-07-03 09:01:25,38.248816,95,386,1101,60,120.48409450553704,461,300806.34515326825,20.874599,2,1,3,11,2,17,3.4104172527605194,38.248816,1101,461,300806.34515326825,20.874599,2,6,53,10.0.1.77,BENIGN,0
2017-07-03 09:01:29,9.489373,371,424,390,6,134.2307939274906,1379,605008.9494381975,22.544363,2,0,0,16,2,17,3.4548223999466057,9.489373,390,1379,605008.9494381975,22.544363,2,17,53,10.0.2.24,BENIGN,0
2017-07-03 09:01:32,25.417721,387,245,496,89,302.2007670393906,418,396692.39657025744,9.582183,0,1,4,11,2,17,3.175123135113461,25.417721,496,418,396692.39657025744,9.582183,0,6,22,10.0.5.31,BENIGN,0
2017-07-03 09:01:33,24.084696,190,160,847,5,281.2623637321772,453,741278.2534786173,3614.84373,55,0,2,130,1,63,4.667700662166299,24.084696,847,453,741278.2534786173,3614.84373,55,6,22,192.168.2.235,DoS Hulk,1
2017-07-03 09:01:37,39.866734,221,417,1333,76,68.0622357891324,656,603250.947262974,31.04759,1,1,3,11,2,17,3.572469458770135,39.866734,1333,656,603250.947262974,31.04759,1,6,443,10.0.2.113,BENIGN,0
2017-07-03 09:01:39,39.107023,478,288,409,75,498.6324628652226,368,681744.4618667747,14.086977,0,0,5,11,2,17,3.4548223999466057,39.107023,409,368,681744.4618667747,14.086977,0,6,443,10.0.3.94,BENIGN,0
2017-07-03 09:01:42,4.176235,367,216,772,9,224.5333604168169,1224,479286.77630264894,1521.134886,260,3,4,130,1,56,4.39675280670598,4.176235,772,1224,479286.77630264894,1521.134886,260,6,53,192.168.2.169,FTP-Patator,1
2017-07-03 09:01:46,118.258611,471,30,567,83,63.444084306905125,271,249752.274213946,33.997036,2,2,1,11,1,17,3.4548223999466057,118.258611,567,271,249752.274213946,33.997036,2,6,8080,10.0.0.35,BENIGN,0
2017-07-03 09:01:49,48.34269,487,249,670,74,1.2365425709923716,1500,93232.34392373882,37.515139,0,3,5,16,2,17,3.4548223999466057,48.34269,670,1500,93232.34392373882,37.515139,0,6,80,10.0.5.95,BENIGN,0
2017-07-03 09:01:52,40.531281,458,349,99,5,49.787370958102926,941,16379.724237507144,28.938889,1,1,3,11,2,17,3.29277019393699,40.531281,99,941,16379.724237507144,28.938889,1,6,80,10.0.4.125,BENIGN,0
2017-07-03 09:01:56,11.201705,463,332,338,6,198.1707834661166,625,726015.7646340983,18.085726,1,1,3,11,1,17,3.4548223999466057,11.201705,338,625,726015.7646340983,18.085726,1,6,80,10.0.0.96,BENIGN,0
2017-07-03 09:01:57,83.471957,245,36,468,49,44.66554049686855,209,103291.213055105,40.87374,0,2,2,11,1,17,3.3371753411230767,83.471957,468,209,103291.213055105,40.87374,0,17,8080,10.0.3.178,BENIGN,0
2017-07-03 09:02:00,52.81249,471,210,1261,87,221.19193471954213,444,86779.36466264192,36.149358,0,0,1,16,2,17,3.4548223999466057,52.81249,1261,444,86779.36466264192,36.149358,0,6,53,10.0.5.192,BENIGN,0
2017-07-03 09:02:04,29.780795,399,481,1414,3,423.9460522199795,1348,875839.6053382693,30.089853,0,1,4,11,2,17,3.3371753411230767,29.780795,1414,1348,875839.6053382693,30.089853,0,17,8080,10.0.5.156,BENIGN,0
2017-07-03 09:02:07,59.950405,479,162,270,49,430.4070019683737,1164,420921.4478990131,29.737095,0,1,3,16,2,17,3.29277019393699,59.950405,270,1164,420921.4478990131,29.737095,0,6,80,10.0.4.4,BENIGN,0
2017-07-03 09:02:11,18.857492,206,42,1311,68,268.8276790680254,312,277539.9889609866,2510.234338,151,2,0,130,1,53,4.404543747253433,18.857492,1311,312,277539.9889609866,2510.234338,151,17,443,192.168.3.109,FTP-Patator,1
2017-07-03 09:02:14,15.686698,481,330,172,74,293.0593761012727,153,21898.002720338867,41.201303,0,0,1,11,1,17,3.4548223999466057,15.686698,172,153,21898.002720338867,41.201303,0,6,443,10.0.2.176,BENIGN,0
2017-07-03 09:02:16,110.895883,16,195,1399,54,86.40360591539459,439,908313.3854503364,21.714503,0,2,2,11,1,17,3.3371753411230767,110.895883,1399,439,908313.3854503364,21.714503,0,6,443,10.0.5.102,BENIGN,0
2017-07-03 09:02:20,2.632559,453,408,1076,31,315.3771944123777,1113,794866.75967744,1921.246227,36,3,5,130,1,56,4.697730538353718,2.632559,1076,1113,794866.75967744,1921.246227,36,6,8080,192.168.3.52,DoS Hulk,1
2017-07-03 09:02:22,37.0031,47,328,1114,49,92.44061027102364,781,369464.7247654519,19.933621,0,3,0,11,2,17,3.572469458770135,37.0031,1114,781,369464.7247654519,19.933621,0,6,8080,10.0.3.170,BENIGN,0
2017-07-03 09:02:26,10.285792,117,283,124,49,409.2026074326868,857,965631.1413098936,17.25519,0,3,4,11,2,17,3.4548223999466057,10.285792,124,857,965631.1413098936,17.25519,0,17,8080,10.0.4.106,BENIGN,0
2017-07-03 09:02:27,29.48266,498,108,394,16,21.33795031672303,160,988281.108343282,745.763794,351,3,1,130,1,56,4.597558387024489,29.48266,394,160,988281.108343282,745.763794,351,17,53,192.168.3.45,FTP-Patator,1
2017-07-03 09:02:30,15.354169,485,348,687,83,44.6499110097196,727,223405.5925930701,13.006727,1,2,3,11,2,17,3.4104172527605194,15.354169,687,727,223405.5925930701,13.006727,1,6,22,10.0.4.196,BENIGN,0
2017-07-03 09:02:33,113.316174,445,348,781,67,149.17787690873163,110,870862.0614383693,3.653665,2,1,1,11,2,17,3.4548223999466057,113.316174,781,110,870862.0614383693,3.653665,2,17,22,10.0.1.129,BENIGN,0
2017-07-03 09:02:38,14.627938,30,2,925,35,104.69118416753886,345,576321.2878451294,3158.853534,46,1,3,130,1,65,4.684002913648594,14.627938,925,345,576321.2878451294,3158.853534,46,6,443,192.168.1.81,PortScan,1
2017-07-03 09:02:39,6.681973,41,235,909,73,224.0492928326869,1020,447123.41310180665,3220.153401,264,0,3,130,1,60,4.723661954613669,6.681973,909,1020,447123.41310180665,3220.153401,264,6,80,192.168.3.210,PortScan,1
2017-07-03 09:02:44,66.019671,113,489,376,66,34.08823455221294,1034,159454.55546818412,3.736752,2,3,0,11,1,17,3.3371753411230767,66.019671,376,1034,159454.55546818412,3.736752,2,6,443,10.0.5.82,BENIGN,0
2017-07-03 09:02:45,119.595733,343,177,912,30,452.2482292438461,1256,918615.4384573518,41.202051,1,1,0,11,1,17,3.572469458770135,119.595733,912,1256,918615.4384573518,41.202051,1,6,8080,10.0.5.3,BENIGN,0
2017-07-03 09:02:50,24.084699,99,164,1052,10,474.10590982420905,342,971631.6070294422,2233.328919,268,0,5,130,1,59,4.613255710555382,24.084699,1052,342,971631.6070294422,2233.328919,268,6,443,192.168.0.76,DoS Hulk,1
2017-07-03 09:02:53,25.046333,194,187,1203,83,449.11330877046686,159,516711.2312641833,1323.947186,145,3,1,130,1,58,4.722217150628826,25.046333,1203,159,516711.2312641833,1323.947186,145,6,22,192.168.1.97,FTP-Patator,1
2017-07-03 09:02:56,11.854898,36,470,184,70,142.2468935181897,1145,915017.4730507592,2934.540024,347,2,2,130,1,54,4.556201280807903,11.854898,184,1145,915017.4730507592,2934.540024,347,6,443,192.168.0.189,DoS Hulk,1
2017-07-03 09:02:58,72.646591,383,300,1066,57,206.99453043683656,376,854226.4234915285,19.833221,1,1,5,16,2,17,3.4548223999466057,72.646591,1066,376,854226.4234915285,19.833221,1,17,22,10.0.3.200,BENIGN,0
2017-07-03 09:03:00,65.812501,54,134,1265,19,42.15563332599648,798,309439.7164846436,1.415609,1,1,5,16,2,17,3.4104172527605194,65.812501,1265,798,309439.7164846436,1.415609,1,6,8080,10.0.3.135,BENIGN,0
2017-07-03 09:03:05,103.709073,228,69,1428,69,88.51831998985604,1223,456597.7661444576,23.412954,1,3,4,11,2,17,3.4548223999466057,103.709073,1428,1223,456597.7661444576,23.412954,1,6,22,10.0.4.70,BENIGN,0
2017-07-03 09:03:07,1.267688,241,273,17,88,461.0441978720264,977,299680.556935308,26.21348,1,3,2,16,2,17,3.29277019393699,1.267688,17,977,299680.556935308,26.21348,1,17,80,10.0.1.89,BENIGN,0
2017-07-03 09:03:09,77.51925,217,320,490,66,382.26914703830727,1255,807594.1829335329,41.4385,2,2,2,11,1,17,3.572469458770135,77.51925,490,1255,807594.1829335329,41.4385,2,6,8080,10.0.1.68,BENIGN,0
2017-07-03 09:03:12,84.057011,26,496,1095,2,92.96879907076284,209,282186.32612204703,24.650601,1,1,5,11,1,17,3.3371753411230767,84.057011,1095,209,282186.32612204703,24.650601,1,6,80,10.0.2.5,BENIGN,0
2017-07-03 09:03:15,13.91107,29,136,803,9,271.59597527290424,371,192273.0736971601,3959.209324,195,2,3,130,1,61,4.672197994396214,13.91107,803,371,192273.0736971601,3959.209324,195,6,80,192.168.2.21,DoS Hulk,1
2017-07-03 09:03:18,0.789253,396,420,1412,35,459.5560414853064,1047,556367.4531982178,49.221282,1,1,0,11,2,17,3.572469458770135,0.789253,1412,1047,556367.4531982178,49.221282,1,6,8080,10.0.1.81,BENIGN,0
2017-07-03 09:03:21,11.029523,371,166,988,22,244.1381991867171,1412,702877.61005964,20.049933,1,0,4,16,2,17,3.572469458770135,11.029523,988,1412,702877.61005964,20.049933,1,6,80,10.0.1.188,BENIGN,0
2017-07-03 09:03:26,49.983189,435,308,23,81,388.7093090720237,783,54222.535971946345,43.404772,1,0,2,16,2,17,3.572469458770135,49.983189,23,783,54222.535971946345,43.404772,1,17,22,10.0.1.192,BENIGN,0
2017-07-03 09:03:28,15.142376,76,67,688,10,237.9273271986864,100,548197.5897770477,1118.207284,299,2,0,130,1,60,4.6362434129830605,15.142376,688,100,548197.5897770477,1118.207284,299,6,53,192.168.2.202,FTP-Patator,1
2017-07-03 09:03:31,7.937293,353,166,937,31,213.77784164572788,85,607969.1649255025,46.36245,0,3,5,16,2,17,3.4548223999466057,7.937293,937,85,607969.1649255025,46.36245,0,6,8080,10.0.3.158,BENIGN,0
2017-07-03 09:03:35,62.47837,276,202,80,71,193.6989259575556,1291,962596.0523396024,22.635319,0,1,2,11,2,17,3.4548223999466057,62.47837,80,1291,962596.0523396024,22.635319,0,6,8080,10.0.0.63,BENIGN,0
2017-07-03 09:03:38,27.110366,257,57,368,99,292.72386036009505,1425,546452.4638361718,2323.258976,269,3,3,130,1,53,4.485009077564572,27.110366,368,1425,546452.4638361718,2323.258976,269,6,8080,192.168.3.24,FTP-Patator,1
2017-07-03 09:03:40,71.423429,364,16,556,52,43.39889249598394,486,371646.4185294593,43.243225,0,2,1,11,1,17,3.572469458770135,71.423429,556,486,371646.4185294593,43.243225,0,6,443,10.0.2.181,BENIGN,0
2017-07-03 09:03:44,108.594791,448,268,635,99,163.6689757678473,201,822156.3041111472,7.788481,1,1,1,11,2,17,3.4548223999466057,108.594791,635,201,822156.3041111472,7.788481,1,6,8080,10.0.2.124,BENIGN,0
2017-07-03 09:03:47,104.625139,393,337,639,2,288.7799172047295,639,638886.9669582424,16.731159,2,1,2,11,2,17,3.175123135113461,104.625139,639,639,638886.9669582424,16.731159,2,17,443,10.0.0.27,BENIGN,0
2017-07-03 09:03:48,13.736133,106,277,717,70,159.24245592598652,289,943283.4909601752,47.919073,1,2,4,11,1,17,3.4548223999466057,13.736133,717,289,943283.4909601752,47.919073,1,17,443,10.0.4.132,BENIGN,0
2017-07-03 09:03:52,6.055671,92,360,1220,75,314.73534493213293,1413,699395.5634071802,19.241622,2,2,2,16,2,17,3.4548223999466057,6.055671,1220,1413,699395.5634071802,19.241622,2,6,443,10.0.0.110,BENIGN,0
2017-07-03 09:03:55,2.788392,159,350,1319,90,383.2467476479581,963,231771.04423309508,4013.728986,72,1,1,130,1,60,4.602910079649727,2.788392,1319,963,231771.04423309508,4013.728986,72,6,22,192.168.3.25,FTP-Patator,1
2017-07-03 09:03:58,58.171738,68,315,575,35,428.9291920399506,29,741455.0229202079,6.428385,1,1,4,11,2,17,3.572469458770135,58.171738,575,29,741455.0229202079,6.428385,1,17,8080,10.0.0.72,BENIGN,0
2017-07-03 09:04:01,29.522166,386,211,784,30,330.3336443013884,1486,637610.909028102,4837.054712,180,1,4,130,1,66,4.724794362846319,29.522166,784,1486,637610.909028102,4837.054712,180,6,80,192.168.1.215,PortScan,1
2017-07-03 09:04:03,54.742695,59,254,1218,78,110.2862621214617,415,426268.84279183566,8.6174,0,3,2,16,2,17,3.4104172527605194,54.742695,1218,415,426268.84279183566,8.6174,0,6,53,10.0.4.17,BENIGN,0
2017-07-03 09:04:08,7.587563,190,283,337,56,121.82230474678995,1191,40794.82447249844,13.767279,1,0,5,11,1,17,3.3371753411230767,7.587563,337,1191,40794.82447249844,13.767279,1,6,443,10.0.3.44,BENIGN,0
2017-07-03 09:04:09,106.42993,106,73,1310,34,261.5434320659158,843,239329.83354699463,20.86949,2,1,4,11,1,17,3.572469458770135,106.42993,1310,843,239329.83354699463,20.86949,2,6,53,10.0.3.178,BENIGN,0
2017-07-03 09:04:12,0.5494,317,185,1105,64,109.63806682905552,1282,659361.2256764462,11.858386,1,2,0,11,1,17,3.572469458770135,0.5494,1105,1282,659361.2256764462,11.858386,1,17,80,10.0.0.136,BENIGN,0
2017-07-03 09:04:16,6.48426,172,315,928,5,52.21054978823992,107,924868.859583936,18.273234,0,1,1,16,2,17,3.4104172527605194,6.48426,928,107,924868.859583936,18.273234,0,6,8080,10.0.1.112,BENIGN,0
2017-07-03 09:04:18,89.650663,167,116,200,30,368.8739330045709,409,375594.83463895327,44.928801,0,1,0,11,2,17,3.4548223999466057,89.650663,200,409,375594.83463895327,44.928801,0,6,53,10.0.1.200,BENIGN,0
2017-07-03 09:04:22,16.369417,104,171,260,4,346.1052647555837,122,280676.0944730628,36.019079,1,0,3,11,1,17,3.572469458770135,16.369417,260,122,280676.0944730628,36.019079,1,6,8080,10.0.5.92,BENIGN,0
2017-07-03 09:04:25,17.344065,439,267,1001,27,295.7904356475509,947,279242.9612517536,2768.250633,92,3,5,130,1,52,4.489022055454727,17.344065,1001,947,279242.9612517536,2768.250633,92,17,443,192.168.1.23,FTP-Patator,1
2017-07-03 09:04:28,65.537924,243,458,593,96,490.3448894398873,1174,666921.0426827427,25.419711,2,3,2,11,1,17,3.3371753411230767,65.537924,593,1174,666921.0426827427,25.419711,2,6,8080,10.0.5.181,BENIGN,0
2017-07-03 09:04:32,2.775341,114,400,569,25,11.274323178788793,1102,849466.4436184878,284.617844,187,0,4,130,1,50,4.631272380112911,2.775341,569,1102,849466.4436184878,284.617844,187,6,443,192.168.1.150,DoS Hulk,1
2017-07-03 09:04:34,17.467692,181,82,1025,99,364.27704473196127,495,504958.7381338949,37.335281,0,0,0,11,1,17,3.572469458770135,17.467692,1025,495,504958.7381338949,37.335281,0,6,53,10.0.2.149,BENIGN,0
2017-07-03 09:04:37,11.843188,188,357,1207,23,219.8329145965192,219,180930.4527905484,10.779368,2,2,3,16,2,17,3.219528282299547,11.843188,1207,219,180930.4527905484,10.779368,2,6,443,10.0.4.182,BENIGN,0
2017-07-03 09:04:41,59.498427,21,42,671,63,57.86130348138924,580,457000.0719348301,18.126398,0,2,5,16,2,17,3.3371753411230767,59.498427,671,580,457000.0719348301,18.126398,0,6,443,10.0.2.143,BENIGN,0
2017-07-03 09:04:42,11.023874,203,224,1070,84,338.25933219867164,244,143453.22490313626,73.801364,352,3,5,130,1,53,4.66869469064966,11.023874,1070,244,143453.22490313626,73.801364,352,6,443,192.168.3.173,DoS Hulk,1
2017-07-03 09:04:46,17.730095,433,222,840,40,430.092974864745,131,633964.0956047004,7.608585,1,3,2,11,2,17,3.4548223999466057,17.730095,840,131,633964.0956047004,7.608585,1,6,443,10.0.5.196,BENIGN,0
2017-07-03 09:04:50,55.6997,464,18,413,20,136.35598173897944,59,258471.0077843879,28.035268,1,2,5,16,2,17,3.4548223999466057,55.6997,413,59,258471.0077843879,28.035268,1,17,80,10.0.3.109,BENIGN,0
2017-07-03 09:04:53,108.069086,454,46,812,92,421.3751336207992,483,112021.17065352402,20.409642,0,0,4,11,1,17,3.29277019393699,108.069086,812,483,112021.17065352402,20.409642,0,6,8080,10.0.2.172,BENIGN,0
2017-07-03 09:04:54,96.701187,55,89,438,35,219.73770636460017,520,862913.6436836569,37.223553,1,0,3,11,2,17,3.572469458770135,96.701187,438,520,862913.6436836569,37.223553,1,6,80,10.0.3.56,BENIGN,0
2017-07-03 09:04:59,14.257178,496,463,1240,4,420.7364832589392,1356,798961.4270981713,1845.01905,190,0,5,130,1,50,4.545979129983103,14.257178,1240,1356,798961.4270981713,1845.01905,190,17,22,192.168.2.6,PortScan,1
2017-07-03 09:05:02,37.865835,326,408,901,6,94.4599775546074,111,229937.55951466417,49.728797,0,0,3,16,2,17,3.4104172527605194,37.865835,901,111,229937.55951466417,49.728797,0,6,443,10.0.1.143,BENIGN,0
2017-07-03 09:05:03,67.302982,64,178,191,26,434.08655481083855,369,834970.1641706986,22.942209,2,2,4,11,1,17,3.3371753411230767,67.302982,191,369,834970.1641706986,22.942209,2,17,53,10.0.0.185,BENIGN,0
2017-07-03 09:05:07,26.621144,303,475,217,41,76.88773434189893,166,460287.1571355771,139.551221,53,3,3,130,1,48,4.329986855772667,26.621144,217,166,460287.1571355771,139.551221,53,6,53,192.168.0.101,FTP-Patator,1
2017-07-03 09:05:10,69.168826,456,242,239,63,311.3483449033069,1323,346829.4369576912,27.707459,1,3,0,16,2,17,3.4104172527605194,69.168826,239,1323,346829.4369576912,27.707459,1,17,22,10.0.2.166,BENIGN,0
2017-07-03 09:05:13,25.60376,371,364,799,53,416.5403728976733,1378,652534.9378445087,3578.843821,313,2,3,130,1,62,4.756795811071915,25.60376,799,1378,652534.9378445087,3578.843821,313,17,53,192.168.3.34,DoS Hulk,1
2017-07-03 09:05:16,7.464179,40,189,1386,67,201.37685383945492,1144,518993.104917905,44.436614,0,3,2,11,2,17,3.4548223999466057,7.464179,1386,1144,518993.104917905,44.436614,0,6,8080,10.0.3.55,BENIGN,0
2017-07-03 09:05:20,15.25575,442,270,241,88,106.3212694802596,969,32704.128848922664,35.586413,2,1,4,16,2,17,3.572469458770135,15.25575,241,969,32704.128848922664,35.586413,2,6,80,10.0.1.181,BENIGN,0
2017-07-03 09:05:22,44.576711,15,405,292,18,391.896250060291,863,48746.18147557198,49.551903,0,2,2,16,2,17,3.2483650467509038,44.576711,292,863,48746.18147557198,49.551903,0,17,443,10.0.2.76,BENIGN,0
2017-07-03 09:05:25,37.164916,428,368,1240,16,380.9756157492186,1033,636496.6169647132,22.673484,2,3,5,16,2,17,3.2195282822995472,37.164916,1240,1033,636496.6169647132,22.673484,2,6,443,10.0.2.97,BENIGN,0
2017-07-03 09:05:29,40.680407,143,330,181,21,353.6043130785379,1171,630146.2008526858,2.386404,1,2,4,11,1,17,3.572469458770135,40.680407,181,1171,630146.2008526858,2.386404,1,6,53,10.0.5.114,BENIGN,0
2017-07-03 09:05:32,90.067278,480,272,368,2,137.48126397563902,421,245362.16572081728,25.181676,0,3,0,16,2,17,3.3371753411230767,90.067278,368,421,245362.16572081728,25.181676,0,6,8080,10.0.0.31,BENIGN,0
2017-07-03 09:05:35,38.086575,87,146,294,23,127.77726265901585,183,154311.94808232435,12.933172,2,3,5,16,2,17,3.572469458770135,38.086575,294,183,154311.94808232435,12.933172,2,17,80,10.0.0.26,BENIGN,0
2017-07-03 09:05:36,49.539325,104,122,1222,75,118.24555878706067,1041,752414.7396525056,16.278468,0,3,0,11,2,17,3.29277019393699,49.539325,1222,1041,752414.7396525056,16.278468,0,6,80,10.0.3.31,BENIGN,0
2017-07-03 09:05:39,32.299899,391,284,1334,100,62.78567129601848,1163,406805.2468257967,48.177387,0,0,5,11,2,17,3.572469458770135,32.299899,1334,1163,406805.2468257967,48.177387,0,17,443,10.0.5.26,BENIGN,0
2017-07-03 09:05:42,1.254721,1,30,987,34,298.9338757503366,1392,380215.49908773554,4065.092151,236,2,5,130,1,53,4.2683308991614775,1.254721,987,1392,380215.49908773554,4065.092151,236,17,53,192.168.2.168,FTP-Patator,1
2017-07-03 09:05:46,95.419966,334,480,1383,100,12.986039571749986,1059,328260.8495634389,44.008915,1,1,0,16,2,17,3.572469458770135,95.419966,1383,1059,328260.8495634389,44.008915,1,6,80,10.0.4.26,BENIGN,0
2017-07-03 09:05:49,30.755076,96,124,281,5,30.245591430666853,638,584563.8430357317,21.108249,2,2,2,11,2,17,3.175123135113461,30.755076,281,638,584563.8430357317,21.108249,2,17,443,10.0.5.159,BENIGN,0
2017-07-03 09:05:52,17.352902,177,100,410,81,454.2501092004076,140,341617.7684801566,11.945629,2,3,5,16,2,17,3.4548223999466057,17.352902,410,140,341617.7684801566,11.945629,2,6,53,10.0.4.14,BENIGN,0
2017-07-03 09:05:54,12.582643,472,1,1308,28,346.61027874899656,955,623957.6255769818,43.817663,0,1,3,11,1,17,3.175123135113461,12.582643,1308,955,623957.6255769818,43.817663,0,6,8080,10.0.0.127,BENIGN,0
2017-07-03 09:05:59,13.8236,468,391,737,5,487.6546376559346,407,197905.2118567561,14.599753,2,1,1,11,2,17,3.572469458770135,13.8236,737,407,197905.2118567561,14.599753,2,6,443,10.0.1.162,BENIGN,0
2017-07-03 09:06:00,2.52023,174,479,430,39,228.10183927472656,757,809506.821514763,33.904874,0,1,4,11,1,17,3.572469458770135,2.52023,430,757,809506.821514763,33.904874,0,6,80,10.0.3.168,BENIGN,0
2017-07-03 09:06:03,38.154875,391,315,1202,24,427.2177164832813,602,789608.8306117957,21.534054,1,2,1,11,1,17,3.572469458770135,38.154875,1202,602,789608.8306117957,21.534054,1,6,22,10.0.5.63,BENIGN,0
2017-07-03 09:06:07,94.919875,385,451,1321,96,254.57925861427967,1021,518940.4769362572,30.782834,1,1,2,16,2,17,3.4548223999466057,94.919875,1321,1021,518940.4769362572,30.782834,1,6,53,10.0.1.131,BENIGN,0
2017-07-03 09:06:09,77.968822,203,111,626,54,444.35446477339775,1170,157293.6153434615,10.43926,2,2,2,11,1,17,3.572469458770135,77.968822,626,1170,157293.6153434615,10.43926,2,6,443,10.0.1.116,BENIGN,0
2017-07-03 09:06:13,51.132855,163,139,783,3,89.78286550077979,478,265698.3156605834,23.430794,1,0,2,16,2,17,3.4548223999466057,51.132855,783,478,265698.3156605834,23.430794,1,6,22,10.0.3.95,BENIGN,0
2017-07-03 09:06:17,43.229067,169,128,619,95,407.7823898512231,1399,845463.6904085956,27.3467,0,1,5,11,2,17,3.4548223999466057,43.229067,619,1399,845463.6904085956,27.3467,0,17,53,10.0.2.51,BENIGN,0
2017-07-03 09:06:20,98.623536,263,389,305,50,113.7892463316258,1481,749162.1616114231,37.914523,1,3,1,11,2,17,3.4548223999466057,98.623536,305,1481,749162.1616114231,37.914523,1,6,8080,10.0.0.121,BENIGN,0
2017-07-03 09:06:21,52.642257,296,447,262,39,471.6770005889425,19,499850.2312475469,42.661912,0,2,2,11,2,17,3.4548223999466057,52.642257,262,19,499850.2312475469,42.661912,0,17,8080,10.0.0.96,BENIGN,0
2017-07-03 09:06:25,68.109724,291,322,1234,77,286.93936715626995,800,980174.0982136162,1.707229,0,1,3,11,2,17,3.572469458770135,68.109724,1234,800,980174.0982136162,1.707229,0,6,53,10.0.1.40,BENIGN,0
2017-07-03 09:06:29,3.130291,309,250,54,23,99.49936743636069,790,283889.2388572671,2769.004809,92,1,2,130,1,49,4.627678660919284,3.130291,54,790,283889.2388572671,2769.004809,92,6,8080,192.168.0.212,PortScan,1
2017-07-03 09:06:32,71.984458,474,497,1420,17,166.02327367414176,1301,761740.11136501,49.072653,0,2,5,11,2,17,3.4548223999466057,71.984458,1420,1301,761740.11136501,49.072653,0,6,80,10.0.5.100,BENIGN,0
2017-07-03 09:06:33,21.139169,159,121,877,96,121.7728652796381,162,60017.02425809,76.325488,305,2,3,130,1,53,4.729923228344688,21.139169,877,162,60017.02425809,76.325488,305,6,443,192.168.0.158,FTP-Patator,1
2017-07-03 09:06:38,29.488431,56,444,1303,21,39.90490098716909,175,377790.764800229,4359.36158,137,2,0,130,1,60,4.650919821670331,29.488431,1303,175,377790.764800229,4359.36158,137,6,80,192.168.3.161,PortScan,1
2017-07-03 09:06:40,27.371379,173,216,1388,60,495.1571499865768,801,391123.9883647563,804.374193,342,2,2,130,1,50,4.56637013015618,27.371379,1388,801,391123.9883647563,804.374193,342,17,53,192.168.0.141,DoS Hulk,1
2017-07-03 09:06:42,32.838341,401,473,252,22,263.23783668997663,627,588868.1671862387,4.987548,0,3,0,11,2,17,3.572469458770135,32.838341,252,627,588868.1671862387,4.987548,0,6,53,10.0.1.97,BENIGN,0
2017-07-03 09:06:47,10.355841,66,132,19,87,256.7827094838867,318,657597.1785102466,3709.07272,97,1,3,130,1,47,4.605031607356559,10.355841,19,318,657597.1785102466,3709.07272,97,6,80,192.168.3.123,DoS Hulk,1
2017-07-03 09:06:50,21.194121,323,324,304,29,60.23059462121056,821,38462.59490500573,4051.662818,247,1,1,130,1,48,4.444773835029477,21.194121,304,821,38462.59490500573,4051.662818,247,6,80,192.168.1.49,PortScan,1
2017-07-03 09:06:52,14.716061,84,453,363,50,343.6834127002287,384,69547.17426678538,3650.105161,296,0,3,130,1,49,4.596866926137102,14.716061,363,384,69547.17426678538,3650.105161,296,17,8080,192.168.2.6,PortScan,1
2017-07-03 09:06:56,34.413002,385,88,1030,20,5.433788137103157,867,679935.5537455315,7.878778,0,3,4,16,2,17,3.4548223999466057,34.413002,1030,867,679935.5537455315,7.878778,0,6,53,10.0.5.9,BENIGN,0
2017-07-03 09:06:59,117.351176,29,112,803,23,411.25248277930814,1145,605122.8964517177,6.344154,1,0,5,11,2,17,3.3371753411230767,117.351176,803,1145,605122.8964517177,6.344154,1,6,8080,10.0.1.103,BENIGN,0
2017-07-03 09:07:02,23.368476,399,433,687,3,119.76495862829285,333,541613.7581896327,5.509204,1,0,1,11,1,17,3.572469458770135,23.368476,687,333,541613.7581896327,5.509204,1,6,22,10.0.0.93,BENIGN,0
2017-07-03 09:07:04,16.912616,48,483,632,1,490.2708133930308,578,958743.1489944202,3953.226259,27,1,2,130,1,64,4.593542680182112,16.912616,632,578,958743.1489944202,3953.226259,27,6,22,192.168.0.13,FTP-Patator,1
2017-07-03 09:07:08,11.694429,280,396,340,76,188.77828574231745,712,209842.10321889544,11.009276,2,1,5,11,2,17,3.4548223999466057,11.694429,340,712,209842.10321889544,11.009276,2,6,22,10.0.1.108,BENIGN,0
2017-07-03 09:07:11,119.885781,219,267,687,14,463.1744294457652,939,428440.7755612148,20.761281,2,1,4,11,2,17,3.4548223999466057,119.885781,687,939,428440.7755612148,20.761281,2,17,53,10.0.2.91,BENIGN,0
2017-07-03 09:07:12,112.548246,46,332,33,78,466.2483759644615,212,496455.2885932377,45.30355,2,0,5,16,2,17,3.572469458770135,112.548246,33,212,496455.2885932377,45.30355,2,6,53,10.0.0.23,BENIGN,0
2017-07-03 09:07:16,3.435919,212,464,1320,90,392.3175846828261,810,7704.374477437419,4283.149734,200,2,1,130,1,56,4.517375797816042,3.435919,1320,810,7704.374477437419,4283.149734,200,6,22,192.168.0.90,FTP-Patator,1
2017-07-03 09:07:18,1.987988,53,287,569,91,303.9521870995724,1374,74916.7134865447,1425.23512,292,3,5,130,1,48,4.5616413449135775,1.987988,569,1374,74916.7134865447,1425.23512,292,6,22,192.168.1.135,PortScan,1
2017-07-03 09:07:23,32.192766,148,361,1221,36,366.94113538826576,193,185160.31794316927,10.364698,2,3,5,11,1,17,3.3371753411230767,32.192766,1221,193,185160.31794316927,10.364698,2,6,443,10.0.1.89,BENIGN,0
2017-07-03 09:07:25,79.924099,452,39,349,86,380.1303761195006,19,594045.7546912761,21.453335,0,3,4,11,1,17,3.4548223999466057,79.924099,349,19,594045.7546912761,21.453335,0,6,8080,10.0.0.46,BENIGN,0
2017-07-03 09:07:27,63.032777,52,155,687,57,245.33092504298315,718,989794.1391181984,8.448506,0,2,5,11,2,17,3.4104172527605194,63.032777,687,718,989794.1391181984,8.448506,0,6,22,10.0.1.199,BENIGN,0
2017-07-03 09:07:30,102.834882,139,351,1063,93,319.900155144659,302,978639.5738555336,45.118125,2,1,5,11,2,17,3.4548223999466057,102.834882,1063,302,978639.5738555336,45.118125,2,17,22,10.0.4.124,BENIGN,0
2017-07-03 09:07:34,23.26186,450,320,1390,69,449.6106911912205,920,987332.9325751236,47.745239,0,1,2,11,2,17,3.572469458770135,23.26186,1390,920,987332.9325751236,47.745239,0,6,22,10.0.5.28,BENIGN,0
2017-07-03 09:07:38,41.19359,496,405,710,36,55.09528878878761,17,498977.1262924396,30.657135,2,1,3,11,2,17,3.3371753411230767,41.19359,710,17,498977.1262924396,30.657135,2,17,53,10.0.3.117,BENIGN,0
2017-07-03 09:07:40,1.229552,157,2,881,45,330.1266574640201,1,49997.05590537428,1422.256321,237,1,2,130,1,58,4.640236331626008,1.229552,881,1,49997.05590537428,1422.256321,237,6,53,192.168.0.14,PortScan,1
2017-07-03 09:07:43,70.662663,35,23,60,93,79.58983716258523,197,665294.4452867642,29.078163,1,3,5,11,1,17,3.572469458770135,70.662663,60,197,665294.4452867642,29.078163,1,6,22,10.0.4.159,BENIGN,0
2017-07-03 09:07:45,26.774293,32,313,512,14,18.70913746506664,149,441584.29981451936,3781.511232,377,2,4,130,1,51,4.6256787148096485,26.774293,512,149,441584.29981451936,3781.511232,377,6,443,192.168.3.237,PortScan,1
2017-07-03 09:07:49,109.445993,380,283,431,15,186.1949925307585,290,35964.08920669487,42.087125,0,1,5,11,1,17,3.4548223999466057,109.445993,431,290,35964.08920669487,42.087125,0,6,8080,10.0.4.60,BENIGN,0
2017-07-03 09:07:51,7.167345,442,195,787,56,22.20777505803273,421,379389.04551199335,42.743254,0,3,4,11,1,17,3.29277019393699,7.167345,787,421,379389.04551199335,42.743254,0,6,22,10.0.3.127,BENIGN,0
2017-07-03 09:07:56,17.729168,223,443,875,100,364.6130670926216,116,807415.9561619108,3788.688561,390,3,5,130,1,64,4.798533547037795,17.729168,875,116,807415.9561619108,3788.688561,390,6,53,192.168.2.186,DoS Hulk,1
2017-07-03 09:07:59,18.263114,472,181,919,52,315.4159987336163,892,289362.212497624,547.781239,307,3,5,130,1,63,4.7156300273830265,18.263114,919,892,289362.212497624,547.781239,307,17,443,192.168.0.19,DoS Hulk,1
2017-07-03 09:08:00,9.999309,266,107,741,68,99.2199070200968,321,838165.2374740335,1769.976164,365,3,5,130,1,57,4.740980699120399,9.999309,741,321,838165.2374740335,1769.976164,365,17,22,192.168.0.168,PortScan,1
2017-07-03 09:08:03,25.97376,409,267,1202,82,383.02717128003576,676,575698.1464073173,8.99843,2,2,5,11,1,17,3.4548223999466057,25.97376,1202,676,575698.1464073173,8.99843,2,6,443,10.0.4.27,BENIGN,0
2017-07-03 09:08:06,19.779042,71,261,900,54,332.42111456278366,669,302628.0656764288,43.743243,0,0,1,11,2,17,3.29277019393699,19.779042,900,669,302628.0656764288,43.743243,0,6,8080,10.0.2.20,BENIGN,0
2017-07-03 09:08:11,101.063104,74,430,895,71,220.8234089988973,1423,788986.1592174618,47.77247,2,0,4,11,1,17,3.4548223999466057,101.063104,895,1423,788986.1592174618,47.77247,2,6,22,10.0.5.72,BENIGN,0
2017-07-03 09:08:13,16.794261,92,477,21,25,221.04028374325995,1077,194969.1178486792,4989.521563,320,2,2,130,1,66,4.697517558910255,16.794261,21,1077,194969.1178486792,4989.521563,320,6,22,192.168.1.98,PortScan,1
2017-07-03 09:08:16,23.78611,85,235,1,84,73.74550476821706,352,301352.2054053545,715.890122,163,0,1,130,1,49,4.515234273075877,23.78611,1,352,301352.2054053545,715.890122,163,17,443,192.168.2.118,PortScan,1
2017-07-03 09:08:18,81.385312,401,212,1345,16,137.38432998602568,947,599119.5429472565,13.706702,0,2,0,11,1,17,3.572469458770135,81.385312,1345,947,599119.5429472565,13.706702,0,17,443,10.0.3.54,BENIGN,0
2017-07-03 09:08:22,70.550112,244,476,1142,1,171.4753595761805,654,346431.6781270983,31.775156,1,3,1,11,1,17,3.29277019393699,70.550112,1142,654,346431.6781270983,31.775156,1,6,8080,10.0.2.139,BENIGN,0
2017-07-03 09:08:24,116.126865,107,382,1084,47,152.01636512511607,645,451554.0341126465,31.606065,2,3,0,16,2,17,3.29277019393699,116.126865,1084,645,451554.0341126465,31.606065,2,17,53,10.0.4.89,BENIGN,0
2017-07-03 09:08:29,66.773182,68,193,1243,15,48.48991109337541,447,211384.0406755484,24.588768,1,0,4,11,1,17,3.4548223999466057,66.773182,1243,447,211384.0406755484,24.588768,1,6,443,10.0.1.97,BENIGN,0
2017-07-03 09:08:31,50.182181,323,54,1360,87,480.1197001081801,1302,317843.31925179384,30.002502,0,3,1,11,2,17,3.572469458770135,50.182181,1360,1302,317843.31925179384,30.002502,0,6,8080,10.0.2.198,BENIGN,0
2017-07-03 09:08:33,63.920352,350,464,201,49,290.0789143633255,856,974249.9669188838,16.769337,0,3,1,11,1,17,3.4104172527605194,63.920352,201,856,974249.9669188838,16.769337,0,6,53,10.0.3.168,BENIGN,0
2017-07-03 09:08:36,18.294765,488,189,46,95,300.6712938976007,1339,389400.4501409989,840.62977,171,1,1,130,1,51,4.547247342260629,18.294765,46,1339,389400.4501409989,840.62977,171,6,22,192.168.3.176,PortScan,1
2017-07-03 09:08:40,23.700694,43,243,404,12,271.18441682076406,440,598333.9406325067,374.542185,168,2,4,130,1,51,4.576850773718021,23.700694,404,440,598333.9406325067,374.542185,168,6,53,192.168.3.30,PortScan,1
2017-07-03 09:08:42,67.837251,409,262,179,73,461.248440550442,1249,650208.9819166841,48.713954,0,1,0,11,2,17,3.4548223999466057,67.837251,179,1249,650208.9819166841,48.713954,0,6,22,10.0.0.137,BENIGN,0
2017-07-03 09:08:46,69.027277,456,10,822,73,146.90689372403153,1277,828239.8204997815,22.756949,2,0,0,11,2,17,3.572469458770135,69.027277,822,1277,828239.8204997815,22.756949,2,17,22,10.0.5.190,BENIGN,0
2017-07-03 09:08:50,79.848559,445,295,312,24,386.496000544294,422,308550.8166519445,38.519399,2,0,0,16,2,17,3.29277019393699,79.848559,312,422,308550.8166519445,38.519399,2,6,443,10.0.4.91,BENIGN,0
2017-07-03 09:08:51,36.352238,396,181,55,17,438.81879709243634,900,123197.78838138144,21.271754,0,3,0,11,2,17,3.4548223999466057,36.352238,55,900,123197.78838138144,21.271754,0,6,443,10.0.2.60,BENIGN,0
2017-07-03 09:08:56,11.143125,63,83,429,15,470.3478831392095,1238,358454.5127198667,8.83733,0,2,3,11,1,17,3.2483650467509038,11.143125,429,1238,358454.5127198667,8.83733,0,17,443,10.0.4.186,BENIGN,0
2017-07-03 09:08:58,45.604116,485,158,133,55,472.9702988557821,1335,300764.36809998663,21.058696,0,0,5,11,1,17,3.3371753411230767,45.604116,133,1335,300764.36809998663,21.058696,0,6,8080,10.0.0.91,BENIGN,0
2017-07-03 09:09:00,21.283829,356,240,79,7,298.1022439985732,429,866358.42640754,0.56277,0,2,2,11,2,17,3.572469458770135,21.283829,79,429,866358.42640754,0.56277,0,6,443,10.0.4.40,BENIGN,0
2017-07-03 09:09:04,26.372443,105,156,826,80,186.5920607335152,543,621951.3782206224,555.863964,191,0,0,130,1,58,4.61420572810313,26.372443,826,543,621951.3782206224,555.863964,191,6,80,192.168.1.8,PortScan,1
2017-07-03 09:09:07,18.222392,6,326,240,66,155.58029534012437,210,771680.8645619666,22.22473,2,3,1,11,1,17,3.572469458770135,18.222392,240,210,771680.8645619666,22.22473,2,6,22,10.0.5.71,BENIGN,0
2017-07-03 09:09:10,26.257189,58,320,955,54,292.489287139684,1453,691467.7793459563,4747.944669,179,3,2,130,1,59,4.497073456788038,26.257189,955,1453,691467.7793459563,4747.944669,179,17,53,192.168.0.98,FTP-Patator,1
2017-07-03 09:09:13,69.475437,275,160,214,77,113.91221255103588,713,717592.7794484367,4.921408,2,1,3,11,1,17,3.3371753411230767,69.475437,214,713,717592.7794484367,4.921408,2,6,53,10.0.4.182,BENIGN,0
2017-07-03 09:09:17,13.4546,76,32,1396,45,32.70637972181378,1472,276162.7712860453,3254.885076,291,2,5,130,1,49,4.418195752623562,13.4546,1396,1472,276162.7712860453,3254.885076,291,6,53,192.168.2.123,PortScan,1
2017-07-03 09:09:19,20.43432,487,95,453,91,160.15526306988104,1462,203687.87262309843,233.156336,194,1,4,130,1,51,4.586463028535139,20.43432,453,1462,203687.87262309843,233.156336,194,6,80,192.168.1.26,FTP-Patator,1
2017-07-03 09:09:21,86.797202,292,99,1493,84,392.062889854894,744,900364.2937908291,10.375163,0,3,2,11,2,17,3.4548223999466057,86.797202,1493,744,900364.2937908291,10.375163,0,6,443,10.0.1.183,BENIGN,0
2017-07-03 09:09:25,1.52752,480,264,884,23,471.599640112297,48,694000.2119305182,1093.718912,216,3,4,130,1,56,4.615764637179023,1.52752,884,48,694000.2119305182,1093.718912,216,17,22,192.168.1.169,FTP-Patator,1
2017-07-03 09:09:28,84.988807,148,374,1384,75,432.5041132453789,125,442572.0766492884,24.815489,0,0,0,11,2,17,3.572469458770135,84.988807,1384,125,442572.0766492884,24.815489,0,17,443,10.0.5.48,BENIGN,0
2017-07-03 09:09:31,22.584634,326,428,1213,37,300.77698235318803,1037,640630.9167889839,42.445954,0,1,3,16,2,17,3.4548223999466057,22.584634,1213,1037,640630.9167889839,42.445954,0,6,22,10.0.1.42,BENIGN,0
2017-07-03 09:09:33,7.759336,318,386,880,10,337.01751293403584,1466,445987.4152146111,3.232871,0,0,2,16,2,17,3.4548223999466057,7.759336,880,1466,445987.4152146111,3.232871,0,6,53,10.0.2.188,BENIGN,0
2017-07-03 09:09:38,44.453837,382,97,467,75,85.27646974734765,1414,352959.67539020936,15.082334,1,3,3,11,2,17,3.572469458770135,44.453837,467,1414,352959.67539020936,15.082334,1,6,8080,10.0.3.81,BENIGN,0
2017-07-03 09:09:39,104.803538,205,187,28,55,395.6875533513903,1355,905371.7730817398,39.434439,0,1,4,11,1,17,3.4548223999466057,104.803538,28,1355,905371.7730817398,39.434439,0,17,443,10.0.3.162,BENIGN,0
2017-07-03 09:09:42,36.423352,98,249,1242,92,249.5684453578898,891,947336.1578912432,47.764268,0,1,3,11,1,17,3.3371753411230767,36.423352,1242,891,947336.1578912432,47.764268,0,6,22,10.0.4.72,BENIGN,0
2017-07-03 09:09:47,96.434842,82,173,1291,39,342.02878407567806,878,611665.5974033116,20.875636,1,1,4,16,2,17,3.4104172527605194,96.434842,1291,878,611665.5974033116,20.875636,1,6,22,10.0.0.79,BENIGN,0
2017-07-03 09:09:50,53.649938,120,465,640,81,457.8689556637405,975,786827.4578459805,20.908329,0,2,4,11,1,17,3.572469458770135,53.649938,640,975,786827.4578459805,20.908329,0,6,443,10.0.1.84,BENIGN,0
2017-07-03 09:09:52,28.442908,456,9,641,65,440.3640817686269,786,750217.3037099885,41.000884,2,2,0,16,2,17,3.4548223999466057,28.442908,641,786,750217.3037099885,41.000884,2,6,8080,10.0.3.145,BENIGN,0
2017-07-03 09:09:54,94.953998,243,126,457,81,1.5266140074073342,729,824854.296606708,13.882897,0,3,4,11,2,17,3.4548223999466057,94.953998,457,729,824854.296606708,13.882897,0,17,22,10.0.1.94,BENIGN,0
2017-07-03 09:09:57,18.152837,269,409,1032,36,124.1132348429758,770,423049.0265784861,1485.14168,310,0,2,130,1,53,4.645202002011234,18.152837,1032,770,423049.0265784861,1485.14168,310,6,443,192.168.0.189,PortScan,1
